<annotation>
	<folder></folder>
	<filename>IMG_2399_jpeg_jpg.rf.13370408785f27bea59424ce8d46dbca.jpg</filename>
	<path>IMG_2399_jpeg_jpg.rf.13370408785f27bea59424ce8d46dbca.jpg</path>
	<source>
		<database>roboflow.ai</database>
	</source>
	<size>
		<width>768</width>
		<height>1024</height>
		<depth>3</depth>
	</size>
	<segmented>0</segmented>
	<object>
		<name>fish</name>
		<pose>Unspecified</pose>
		<truncated>0</truncated>
		<difficult>0</difficult>
		<occluded>0</occluded>
		<bndbox>
			<xmin>202</xmin>
			<xmax>549</xmax>
			<ymin>646</ymin>
			<ymax>904</ymax>
		</bndbox>
	</object>
	<object>
		<name>fish</name>
		<pose>Unspecified</pose>
		<truncated>0</truncated>
		<difficult>0</difficult>
		<occluded>0</occluded>
		<bndbox>
			<xmin>208</xmin>
			<xmax>466</xmax>
			<ymin>273</ymin>
			<ymax>485</ymax>
		</bndbox>
	</object>
	<object>
		<name>fish</name>
		<pose>Unspecified</pose>
		<truncated>0</truncated>
		<difficult>0</difficult>
		<occluded>0</occluded>
		<bndbox>
			<xmin>80</xmin>
			<xmax>142</xmax>
			<ymin>205</ymin>
			<ymax>315</ymax>
		</bndbox>
	</object>
</annotation>
