<annotation>
	<folder></folder>
	<filename>IMG_3147_jpeg_jpg.rf.fc4622004ff72e58b546635774372fe2.jpg</filename>
	<path>IMG_3147_jpeg_jpg.rf.fc4622004ff72e58b546635774372fe2.jpg</path>
	<source>
		<database>roboflow.ai</database>
	</source>
	<size>
		<width>768</width>
		<height>1024</height>
		<depth>3</depth>
	</size>
	<segmented>0</segmented>
	<object>
		<name>puffin</name>
		<pose>Unspecified</pose>
		<truncated>0</truncated>
		<difficult>0</difficult>
		<occluded>0</occluded>
		<bndbox>
			<xmin>92</xmin>
			<xmax>572</xmax>
			<ymin>393</ymin>
			<ymax>824</ymax>
		</bndbox>
	</object>
	<object>
		<name>puffin</name>
		<pose>Unspecified</pose>
		<truncated>0</truncated>
		<difficult>0</difficult>
		<occluded>0</occluded>
		<bndbox>
			<xmin>68</xmin>
			<xmax>128</xmax>
			<ymin>333</ymin>
			<ymax>398</ymax>
		</bndbox>
	</object>
	<object>
		<name>puffin</name>
		<pose>Unspecified</pose>
		<truncated>0</truncated>
		<difficult>0</difficult>
		<occluded>0</occluded>
		<bndbox>
			<xmin>616</xmin>
			<xmax>756</xmax>
			<ymin>118</ymin>
			<ymax>188</ymax>
		</bndbox>
	</object>
</annotation>
