<annotation>
	<folder></folder>
	<filename>IMG_3151_jpeg_jpg.rf.6850702bb295c76afc9dd667b8d827dc.jpg</filename>
	<path>IMG_3151_jpeg_jpg.rf.6850702bb295c76afc9dd667b8d827dc.jpg</path>
	<source>
		<database>roboflow.ai</database>
	</source>
	<size>
		<width>768</width>
		<height>1024</height>
		<depth>3</depth>
	</size>
	<segmented>0</segmented>
	<object>
		<name>puffin</name>
		<pose>Unspecified</pose>
		<truncated>0</truncated>
		<difficult>0</difficult>
		<occluded>0</occluded>
		<bndbox>
			<xmin>274</xmin>
			<xmax>494</xmax>
			<ymin>468</ymin>
			<ymax>580</ymax>
		</bndbox>
	</object>
	<object>
		<name>puffin</name>
		<pose>Unspecified</pose>
		<truncated>0</truncated>
		<difficult>0</difficult>
		<occluded>0</occluded>
		<bndbox>
			<xmin>417</xmin>
			<xmax>507</xmax>
			<ymin>170</ymin>
			<ymax>266</ymax>
		</bndbox>
	</object>
</annotation>
