<annotation>
	<folder></folder>
	<filename>IMG_3135_jpeg_jpg.rf.595f10fe0c7bb159a720ff872aa1d2c7.jpg</filename>
	<path>IMG_3135_jpeg_jpg.rf.595f10fe0c7bb159a720ff872aa1d2c7.jpg</path>
	<source>
		<database>roboflow.ai</database>
	</source>
	<size>
		<width>768</width>
		<height>1024</height>
		<depth>3</depth>
	</size>
	<segmented>0</segmented>
	<object>
		<name>puffin</name>
		<pose>Unspecified</pose>
		<truncated>0</truncated>
		<difficult>0</difficult>
		<occluded>0</occluded>
		<bndbox>
			<xmin>688</xmin>
			<xmax>739</xmax>
			<ymin>356</ymin>
			<ymax>453</ymax>
		</bndbox>
	</object>
	<object>
		<name>puffin</name>
		<pose>Unspecified</pose>
		<truncated>0</truncated>
		<difficult>0</difficult>
		<occluded>0</occluded>
		<bndbox>
			<xmin>562</xmin>
			<xmax>632</xmax>
			<ymin>361</ymin>
			<ymax>451</ymax>
		</bndbox>
	</object>
	<object>
		<name>puffin</name>
		<pose>Unspecified</pose>
		<truncated>0</truncated>
		<difficult>0</difficult>
		<occluded>0</occluded>
		<bndbox>
			<xmin>625</xmin>
			<xmax>663</xmax>
			<ymin>361</ymin>
			<ymax>425</ymax>
		</bndbox>
	</object>
	<object>
		<name>puffin</name>
		<pose>Unspecified</pose>
		<truncated>0</truncated>
		<difficult>0</difficult>
		<occluded>0</occluded>
		<bndbox>
			<xmin>287</xmin>
			<xmax>314</xmax>
			<ymin>336</ymin>
			<ymax>398</ymax>
		</bndbox>
	</object>
	<object>
		<name>puffin</name>
		<pose>Unspecified</pose>
		<truncated>0</truncated>
		<difficult>0</difficult>
		<occluded>0</occluded>
		<bndbox>
			<xmin>221</xmin>
			<xmax>272</xmax>
			<ymin>339</ymin>
			<ymax>398</ymax>
		</bndbox>
	</object>
	<object>
		<name>puffin</name>
		<pose>Unspecified</pose>
		<truncated>0</truncated>
		<difficult>0</difficult>
		<occluded>0</occluded>
		<bndbox>
			<xmin>334</xmin>
			<xmax>365</xmax>
			<ymin>340</ymin>
			<ymax>395</ymax>
		</bndbox>
	</object>
	<object>
		<name>puffin</name>
		<pose>Unspecified</pose>
		<truncated>0</truncated>
		<difficult>0</difficult>
		<occluded>0</occluded>
		<bndbox>
			<xmin>193</xmin>
			<xmax>287</xmax>
			<ymin>433</ymin>
			<ymax>483</ymax>
		</bndbox>
	</object>
	<object>
		<name>puffin</name>
		<pose>Unspecified</pose>
		<truncated>0</truncated>
		<difficult>0</difficult>
		<occluded>0</occluded>
		<bndbox>
			<xmin>56</xmin>
			<xmax>122</xmax>
			<ymin>390</ymin>
			<ymax>425</ymax>
		</bndbox>
	</object>
	<object>
		<name>puffin</name>
		<pose>Unspecified</pose>
		<truncated>0</truncated>
		<difficult>0</difficult>
		<occluded>0</occluded>
		<bndbox>
			<xmin>750</xmin>
			<xmax>768</xmax>
			<ymin>375</ymin>
			<ymax>451</ymax>
		</bndbox>
	</object>
</annotation>
