<annotation>
	<folder></folder>
	<filename>IMG_2292_jpeg_jpg.rf.122a0051d4d65d8651089a2ebbc2ed85.jpg</filename>
	<path>IMG_2292_jpeg_jpg.rf.122a0051d4d65d8651089a2ebbc2ed85.jpg</path>
	<source>
		<database>roboflow.ai</database>
	</source>
	<size>
		<width>768</width>
		<height>1024</height>
		<depth>3</depth>
	</size>
	<segmented>0</segmented>
	<object>
		<name>puffin</name>
		<pose>Unspecified</pose>
		<truncated>0</truncated>
		<difficult>0</difficult>
		<occluded>0</occluded>
		<bndbox>
			<xmin>148</xmin>
			<xmax>652</xmax>
			<ymin>241</ymin>
			<ymax>649</ymax>
		</bndbox>
	</object>
</annotation>
