<annotation>
	<folder></folder>
	<filename>IMG_8318_jpg.rf.ed4eeaebcf971e4f4a8f90bd351fb23c.jpg</filename>
	<path>IMG_8318_jpg.rf.ed4eeaebcf971e4f4a8f90bd351fb23c.jpg</path>
	<source>
		<database>roboflow.ai</database>
	</source>
	<size>
		<width>1024</width>
		<height>768</height>
		<depth>3</depth>
	</size>
	<segmented>0</segmented>
	<object>
		<name>fish</name>
		<pose>Unspecified</pose>
		<truncated>0</truncated>
		<difficult>0</difficult>
		<occluded>0</occluded>
		<bndbox>
			<xmin>280</xmin>
			<xmax>661</xmax>
			<ymin>204</ymin>
			<ymax>722</ymax>
		</bndbox>
	</object>
	<object>
		<name>fish</name>
		<pose>Unspecified</pose>
		<truncated>0</truncated>
		<difficult>0</difficult>
		<occluded>0</occluded>
		<bndbox>
			<xmin>391</xmin>
			<xmax>495</xmax>
			<ymin>189</ymin>
			<ymax>348</ymax>
		</bndbox>
	</object>
</annotation>
