<annotation>
	<folder></folder>
	<filename>IMG_2589_jpeg_jpg.rf.0796c64369ea29d7e50fc1f7a36fb25b.jpg</filename>
	<path>IMG_2589_jpeg_jpg.rf.0796c64369ea29d7e50fc1f7a36fb25b.jpg</path>
	<source>
		<database>roboflow.ai</database>
	</source>
	<size>
		<width>768</width>
		<height>1024</height>
		<depth>3</depth>
	</size>
	<segmented>0</segmented>
	<object>
		<name>fish</name>
		<pose>Unspecified</pose>
		<truncated>0</truncated>
		<difficult>0</difficult>
		<occluded>0</occluded>
		<bndbox>
			<xmin>120</xmin>
			<xmax>483</xmax>
			<ymin>198</ymin>
			<ymax>417</ymax>
		</bndbox>
	</object>
	<object>
		<name>stingray</name>
		<pose>Unspecified</pose>
		<truncated>0</truncated>
		<difficult>0</difficult>
		<occluded>0</occluded>
		<bndbox>
			<xmin>264</xmin>
			<xmax>544</xmax>
			<ymin>443</ymin>
			<ymax>607</ymax>
		</bndbox>
	</object>
	<object>
		<name>stingray</name>
		<pose>Unspecified</pose>
		<truncated>0</truncated>
		<difficult>0</difficult>
		<occluded>0</occluded>
		<bndbox>
			<xmin>298</xmin>
			<xmax>728</xmax>
			<ymin>796</ymin>
			<ymax>1024</ymax>
		</bndbox>
	</object>
</annotation>
