<annotation>
	<folder></folder>
	<filename>IMG_2545_jpeg_jpg.rf.be6ed99fa1fb8d17c5d54d7f09cc5d89.jpg</filename>
	<path>IMG_2545_jpeg_jpg.rf.be6ed99fa1fb8d17c5d54d7f09cc5d89.jpg</path>
	<source>
		<database>roboflow.ai</database>
	</source>
	<size>
		<width>768</width>
		<height>1024</height>
		<depth>3</depth>
	</size>
	<segmented>0</segmented>
	<object>
		<name>starfish</name>
		<pose>Unspecified</pose>
		<truncated>0</truncated>
		<difficult>0</difficult>
		<occluded>0</occluded>
		<bndbox>
			<xmin>68</xmin>
			<xmax>216</xmax>
			<ymin>686</ymin>
			<ymax>871</ymax>
		</bndbox>
	</object>
	<object>
		<name>starfish</name>
		<pose>Unspecified</pose>
		<truncated>0</truncated>
		<difficult>0</difficult>
		<occluded>0</occluded>
		<bndbox>
			<xmin>330</xmin>
			<xmax>494</xmax>
			<ymin>475</ymin>
			<ymax>615</ymax>
		</bndbox>
	</object>
	<object>
		<name>starfish</name>
		<pose>Unspecified</pose>
		<truncated>0</truncated>
		<difficult>0</difficult>
		<occluded>0</occluded>
		<bndbox>
			<xmin>533</xmin>
			<xmax>715</xmax>
			<ymin>697</ymin>
			<ymax>897</ymax>
		</bndbox>
	</object>
</annotation>
