<annotation>
	<folder></folder>
	<filename>IMG_8512_MOV-6_jpg.rf.02aa66e66ae9d7a5756bd29399a39936.jpg</filename>
	<path>IMG_8512_MOV-6_jpg.rf.02aa66e66ae9d7a5756bd29399a39936.jpg</path>
	<source>
		<database>roboflow.ai</database>
	</source>
	<size>
		<width>1024</width>
		<height>576</height>
		<depth>3</depth>
	</size>
	<segmented>0</segmented>
	<object>
		<name>fish</name>
		<pose>Unspecified</pose>
		<truncated>0</truncated>
		<difficult>0</difficult>
		<occluded>0</occluded>
		<bndbox>
			<xmin>150</xmin>
			<xmax>611</xmax>
			<ymin>342</ymin>
			<ymax>546</ymax>
		</bndbox>
	</object>
	<object>
		<name>fish</name>
		<pose>Unspecified</pose>
		<truncated>0</truncated>
		<difficult>0</difficult>
		<occluded>0</occluded>
		<bndbox>
			<xmin>638</xmin>
			<xmax>888</xmax>
			<ymin>123</ymin>
			<ymax>316</ymax>
		</bndbox>
	</object>
</annotation>
