<annotation>
	<folder></folder>
	<filename>IMG_2528_jpeg_jpg.rf.2bd17b3a6751de79eab0f91356230d98.jpg</filename>
	<path>IMG_2528_jpeg_jpg.rf.2bd17b3a6751de79eab0f91356230d98.jpg</path>
	<source>
		<database>roboflow.ai</database>
	</source>
	<size>
		<width>768</width>
		<height>1024</height>
		<depth>3</depth>
	</size>
	<segmented>0</segmented>
	<object>
		<name>penguin</name>
		<pose>Unspecified</pose>
		<truncated>0</truncated>
		<difficult>0</difficult>
		<occluded>0</occluded>
		<bndbox>
			<xmin>346</xmin>
			<xmax>687</xmax>
			<ymin>408</ymin>
			<ymax>603</ymax>
		</bndbox>
	</object>
	<object>
		<name>penguin</name>
		<pose>Unspecified</pose>
		<truncated>0</truncated>
		<difficult>0</difficult>
		<occluded>0</occluded>
		<bndbox>
			<xmin>162</xmin>
			<xmax>348</xmax>
			<ymin>510</ymin>
			<ymax>574</ymax>
		</bndbox>
	</object>
</annotation>
