<annotation>
	<folder></folder>
	<filename>IMG_2377_jpeg_jpg.rf.058bc10292405404b78e4d6ec8315b44.jpg</filename>
	<path>IMG_2377_jpeg_jpg.rf.058bc10292405404b78e4d6ec8315b44.jpg</path>
	<source>
		<database>roboflow.ai</database>
	</source>
	<size>
		<width>768</width>
		<height>1024</height>
		<depth>3</depth>
	</size>
	<segmented>0</segmented>
	<object>
		<name>fish</name>
		<pose>Unspecified</pose>
		<truncated>0</truncated>
		<difficult>0</difficult>
		<occluded>0</occluded>
		<bndbox>
			<xmin>75</xmin>
			<xmax>428</xmax>
			<ymin>454</ymin>
			<ymax>904</ymax>
		</bndbox>
	</object>
	<object>
		<name>fish</name>
		<pose>Unspecified</pose>
		<truncated>0</truncated>
		<difficult>0</difficult>
		<occluded>0</occluded>
		<bndbox>
			<xmin>267</xmin>
			<xmax>687</xmax>
			<ymin>350</ymin>
			<ymax>570</ymax>
		</bndbox>
	</object>
</annotation>
