<annotation>
	<folder></folder>
	<filename>IMG_2287_jpeg_jpg.rf.cce12b7bb4e49aa145398504aef84c99.jpg</filename>
	<path>IMG_2287_jpeg_jpg.rf.cce12b7bb4e49aa145398504aef84c99.jpg</path>
	<source>
		<database>roboflow.ai</database>
	</source>
	<size>
		<width>768</width>
		<height>1024</height>
		<depth>3</depth>
	</size>
	<segmented>0</segmented>
	<object>
		<name>puffin</name>
		<pose>Unspecified</pose>
		<truncated>0</truncated>
		<difficult>0</difficult>
		<occluded>0</occluded>
		<bndbox>
			<xmin>65</xmin>
			<xmax>563</xmax>
			<ymin>173</ymin>
			<ymax>680</ymax>
		</bndbox>
	</object>
</annotation>
