<annotation>
	<folder></folder>
	<filename>IMG_8408_jpg.rf.f0cdde37a7dbd43b55281d7d1475840e.jpg</filename>
	<path>IMG_8408_jpg.rf.f0cdde37a7dbd43b55281d7d1475840e.jpg</path>
	<source>
		<database>roboflow.ai</database>
	</source>
	<size>
		<width>1024</width>
		<height>768</height>
		<depth>3</depth>
	</size>
	<segmented>0</segmented>
	<object>
		<name>stingray</name>
		<pose>Unspecified</pose>
		<truncated>0</truncated>
		<difficult>0</difficult>
		<occluded>0</occluded>
		<bndbox>
			<xmin>214</xmin>
			<xmax>362</xmax>
			<ymin>128</ymin>
			<ymax>584</ymax>
		</bndbox>
	</object>
	<object>
		<name>fish</name>
		<pose>Unspecified</pose>
		<truncated>0</truncated>
		<difficult>0</difficult>
		<occluded>0</occluded>
		<bndbox>
			<xmin>795</xmin>
			<xmax>828</xmax>
			<ymin>429</ymin>
			<ymax>587</ymax>
		</bndbox>
	</object>
	<object>
		<name>fish</name>
		<pose>Unspecified</pose>
		<truncated>0</truncated>
		<difficult>0</difficult>
		<occluded>0</occluded>
		<bndbox>
			<xmin>944</xmin>
			<xmax>972</xmax>
			<ymin>249</ymin>
			<ymax>419</ymax>
		</bndbox>
	</object>
</annotation>
