<annotation>
	<folder></folder>
	<filename>IMG_2430_jpeg_jpg.rf.ea942e540d2202770b60388e01246c92.jpg</filename>
	<path>IMG_2430_jpeg_jpg.rf.ea942e540d2202770b60388e01246c92.jpg</path>
	<source>
		<database>roboflow.ai</database>
	</source>
	<size>
		<width>768</width>
		<height>1024</height>
		<depth>3</depth>
	</size>
	<segmented>0</segmented>
	<object>
		<name>shark</name>
		<pose>Unspecified</pose>
		<truncated>0</truncated>
		<difficult>0</difficult>
		<occluded>0</occluded>
		<bndbox>
			<xmin>94</xmin>
			<xmax>769</xmax>
			<ymin>343</ymin>
			<ymax>1011</ymax>
		</bndbox>
	</object>
	<object>
		<name>fish</name>
		<pose>Unspecified</pose>
		<truncated>0</truncated>
		<difficult>0</difficult>
		<occluded>0</occluded>
		<bndbox>
			<xmin>534</xmin>
			<xmax>662</xmax>
			<ymin>876</ymin>
			<ymax>999</ymax>
		</bndbox>
	</object>
</annotation>
