<annotation>
	<folder></folder>
	<filename>IMG_2343_jpeg_jpg.rf.d9093ca915071e649e4771462b164802.jpg</filename>
	<path>IMG_2343_jpeg_jpg.rf.d9093ca915071e649e4771462b164802.jpg</path>
	<source>
		<database>roboflow.ai</database>
	</source>
	<size>
		<width>768</width>
		<height>1024</height>
		<depth>3</depth>
	</size>
	<segmented>0</segmented>
	<object>
		<name>penguin</name>
		<pose>Unspecified</pose>
		<truncated>0</truncated>
		<difficult>0</difficult>
		<occluded>0</occluded>
		<bndbox>
			<xmin>353</xmin>
			<xmax>435</xmax>
			<ymin>381</ymin>
			<ymax>487</ymax>
		</bndbox>
	</object>
	<object>
		<name>penguin</name>
		<pose>Unspecified</pose>
		<truncated>0</truncated>
		<difficult>0</difficult>
		<occluded>0</occluded>
		<bndbox>
			<xmin>245</xmin>
			<xmax>517</xmax>
			<ymin>650</ymin>
			<ymax>752</ymax>
		</bndbox>
	</object>
	<object>
		<name>penguin</name>
		<pose>Unspecified</pose>
		<truncated>0</truncated>
		<difficult>0</difficult>
		<occluded>0</occluded>
		<bndbox>
			<xmin>226</xmin>
			<xmax>294</xmax>
			<ymin>361</ymin>
			<ymax>463</ymax>
		</bndbox>
	</object>
	<object>
		<name>penguin</name>
		<pose>Unspecified</pose>
		<truncated>0</truncated>
		<difficult>0</difficult>
		<occluded>0</occluded>
		<bndbox>
			<xmin>217</xmin>
			<xmax>248</xmax>
			<ymin>368</ymin>
			<ymax>458</ymax>
		</bndbox>
	</object>
	<object>
		<name>penguin</name>
		<pose>Unspecified</pose>
		<truncated>0</truncated>
		<difficult>0</difficult>
		<occluded>0</occluded>
		<bndbox>
			<xmin>675</xmin>
			<xmax>729</xmax>
			<ymin>460</ymin>
			<ymax>516</ymax>
		</bndbox>
	</object>
	<object>
		<name>penguin</name>
		<pose>Unspecified</pose>
		<truncated>0</truncated>
		<difficult>0</difficult>
		<occluded>0</occluded>
		<bndbox>
			<xmin>562</xmin>
			<xmax>604</xmax>
			<ymin>441</ymin>
			<ymax>497</ymax>
		</bndbox>
	</object>
	<object>
		<name>penguin</name>
		<pose>Unspecified</pose>
		<truncated>0</truncated>
		<difficult>0</difficult>
		<occluded>0</occluded>
		<bndbox>
			<xmin>536</xmin>
			<xmax>574</xmax>
			<ymin>453</ymin>
			<ymax>504</ymax>
		</bndbox>
	</object>
	<object>
		<name>penguin</name>
		<pose>Unspecified</pose>
		<truncated>0</truncated>
		<difficult>0</difficult>
		<occluded>0</occluded>
		<bndbox>
			<xmin>332</xmin>
			<xmax>361</xmax>
			<ymin>413</ymin>
			<ymax>453</ymax>
		</bndbox>
	</object>
</annotation>
