<annotation>
	<folder></folder>
	<filename>IMG_2358_jpeg_jpg.rf.efdef53aafee680685b00990131e1442.jpg</filename>
	<path>IMG_2358_jpeg_jpg.rf.efdef53aafee680685b00990131e1442.jpg</path>
	<source>
		<database>roboflow.ai</database>
	</source>
	<size>
		<width>768</width>
		<height>1024</height>
		<depth>3</depth>
	</size>
	<segmented>0</segmented>
	<object>
		<name>fish</name>
		<pose>Unspecified</pose>
		<truncated>0</truncated>
		<difficult>0</difficult>
		<occluded>0</occluded>
		<bndbox>
			<xmin>82</xmin>
			<xmax>612</xmax>
			<ymin>384</ymin>
			<ymax>689</ymax>
		</bndbox>
	</object>
</annotation>
