<annotation>
	<folder></folder>
	<filename>IMG_2330_jpeg_jpg.rf.5d358782dd868884a99f4f88841d2287.jpg</filename>
	<path>IMG_2330_jpeg_jpg.rf.5d358782dd868884a99f4f88841d2287.jpg</path>
	<source>
		<database>roboflow.ai</database>
	</source>
	<size>
		<width>768</width>
		<height>1024</height>
		<depth>3</depth>
	</size>
	<segmented>0</segmented>
	<object>
		<name>penguin</name>
		<pose>Unspecified</pose>
		<truncated>0</truncated>
		<difficult>0</difficult>
		<occluded>0</occluded>
		<bndbox>
			<xmin>152</xmin>
			<xmax>379</xmax>
			<ymin>437</ymin>
			<ymax>628</ymax>
		</bndbox>
	</object>
</annotation>
