<annotation>
	<folder></folder>
	<filename>IMG_2649_jpeg_jpg.rf.efd042de1468c6f1725e06af6b1d9ffd.jpg</filename>
	<path>IMG_2649_jpeg_jpg.rf.efd042de1468c6f1725e06af6b1d9ffd.jpg</path>
	<source>
		<database>roboflow.ai</database>
	</source>
	<size>
		<width>768</width>
		<height>1024</height>
		<depth>3</depth>
	</size>
	<segmented>0</segmented>
	<object>
		<name>stingray</name>
		<pose>Unspecified</pose>
		<truncated>0</truncated>
		<difficult>0</difficult>
		<occluded>0</occluded>
		<bndbox>
			<xmin>358</xmin>
			<xmax>516</xmax>
			<ymin>444</ymin>
			<ymax>544</ymax>
		</bndbox>
	</object>
</annotation>
