<annotation>
	<folder></folder>
	<filename>IMG_2509_jpeg_jpg.rf.0c8d6158f08975bd24497a5fb02572d2.jpg</filename>
	<path>IMG_2509_jpeg_jpg.rf.0c8d6158f08975bd24497a5fb02572d2.jpg</path>
	<source>
		<database>roboflow.ai</database>
	</source>
	<size>
		<width>768</width>
		<height>1024</height>
		<depth>3</depth>
	</size>
	<segmented>0</segmented>
	<object>
		<name>shark</name>
		<pose>Unspecified</pose>
		<truncated>0</truncated>
		<difficult>0</difficult>
		<occluded>0</occluded>
		<bndbox>
			<xmin>1</xmin>
			<xmax>707</xmax>
			<ymin>438</ymin>
			<ymax>1024</ymax>
		</bndbox>
	</object>
</annotation>
