<annotation>
	<folder></folder>
	<filename>IMG_2537_jpeg_jpg.rf.2b9143514d53e64f7a1dd5504ded197a.jpg</filename>
	<path>IMG_2537_jpeg_jpg.rf.2b9143514d53e64f7a1dd5504ded197a.jpg</path>
	<source>
		<database>roboflow.ai</database>
	</source>
	<size>
		<width>768</width>
		<height>1024</height>
		<depth>3</depth>
	</size>
	<segmented>0</segmented>
	<object>
		<name>shark</name>
		<pose>Unspecified</pose>
		<truncated>0</truncated>
		<difficult>0</difficult>
		<occluded>0</occluded>
		<bndbox>
			<xmin>276</xmin>
			<xmax>769</xmax>
			<ymin>426</ymin>
			<ymax>908</ymax>
		</bndbox>
	</object>
	<object>
		<name>starfish</name>
		<pose>Unspecified</pose>
		<truncated>0</truncated>
		<difficult>0</difficult>
		<occluded>0</occluded>
		<bndbox>
			<xmin>197</xmin>
			<xmax>455</xmax>
			<ymin>310</ymin>
			<ymax>639</ymax>
		</bndbox>
	</object>
</annotation>
