<annotation>
	<folder></folder>
	<filename>IMG_8502_jpg.rf.81783141b72ae29e514d677ca0f5082d.jpg</filename>
	<path>IMG_8502_jpg.rf.81783141b72ae29e514d677ca0f5082d.jpg</path>
	<source>
		<database>roboflow.ai</database>
	</source>
	<size>
		<width>1024</width>
		<height>768</height>
		<depth>3</depth>
	</size>
	<segmented>0</segmented>
	<object>
		<name>fish</name>
		<pose>Unspecified</pose>
		<truncated>0</truncated>
		<difficult>0</difficult>
		<occluded>0</occluded>
		<bndbox>
			<xmin>275</xmin>
			<xmax>541</xmax>
			<ymin>204</ymin>
			<ymax>619</ymax>
		</bndbox>
	</object>
</annotation>
