<annotation>
	<folder></folder>
	<filename>IMG_8552_jpg.rf.61ac5f24f64530252d883e103a66c807.jpg</filename>
	<path>IMG_8552_jpg.rf.61ac5f24f64530252d883e103a66c807.jpg</path>
	<source>
		<database>roboflow.ai</database>
	</source>
	<size>
		<width>1024</width>
		<height>768</height>
		<depth>3</depth>
	</size>
	<segmented>0</segmented>
	<object>
		<name>fish</name>
		<pose>Unspecified</pose>
		<truncated>0</truncated>
		<difficult>0</difficult>
		<occluded>0</occluded>
		<bndbox>
			<xmin>614</xmin>
			<xmax>980</xmax>
			<ymin>300</ymin>
			<ymax>627</ymax>
		</bndbox>
	</object>
	<object>
		<name>fish</name>
		<pose>Unspecified</pose>
		<truncated>0</truncated>
		<difficult>0</difficult>
		<occluded>0</occluded>
		<bndbox>
			<xmin>195</xmin>
			<xmax>485</xmax>
			<ymin>241</ymin>
			<ymax>429</ymax>
		</bndbox>
	</object>
</annotation>
