<annotation>
	<folder></folder>
	<filename>IMG_2618_jpeg_jpg.rf.10bc0b28fb5d6b893602833d791c4dff.jpg</filename>
	<path>IMG_2618_jpeg_jpg.rf.10bc0b28fb5d6b893602833d791c4dff.jpg</path>
	<source>
		<database>roboflow.ai</database>
	</source>
	<size>
		<width>768</width>
		<height>1024</height>
		<depth>3</depth>
	</size>
	<segmented>0</segmented>
	<object>
		<name>fish</name>
		<pose>Unspecified</pose>
		<truncated>0</truncated>
		<difficult>0</difficult>
		<occluded>0</occluded>
		<bndbox>
			<xmin>12</xmin>
			<xmax>89</xmax>
			<ymin>669</ymin>
			<ymax>717</ymax>
		</bndbox>
	</object>
	<object>
		<name>fish</name>
		<pose>Unspecified</pose>
		<truncated>0</truncated>
		<difficult>0</difficult>
		<occluded>0</occluded>
		<bndbox>
			<xmin>48</xmin>
			<xmax>113</xmax>
			<ymin>637</ymin>
			<ymax>683</ymax>
		</bndbox>
	</object>
	<object>
		<name>stingray</name>
		<pose>Unspecified</pose>
		<truncated>0</truncated>
		<difficult>0</difficult>
		<occluded>0</occluded>
		<bndbox>
			<xmin>316</xmin>
			<xmax>468</xmax>
			<ymin>460</ymin>
			<ymax>568</ymax>
		</bndbox>
	</object>
</annotation>
