<annotation>
	<folder></folder>
	<filename>IMG_2585_jpeg_jpg.rf.2b9b21609955bf5ce86fe467bb56f2a6.jpg</filename>
	<path>IMG_2585_jpeg_jpg.rf.2b9b21609955bf5ce86fe467bb56f2a6.jpg</path>
	<source>
		<database>roboflow.ai</database>
	</source>
	<size>
		<width>768</width>
		<height>1024</height>
		<depth>3</depth>
	</size>
	<segmented>0</segmented>
	<object>
		<name>stingray</name>
		<pose>Unspecified</pose>
		<truncated>0</truncated>
		<difficult>0</difficult>
		<occluded>0</occluded>
		<bndbox>
			<xmin>47</xmin>
			<xmax>401</xmax>
			<ymin>604</ymin>
			<ymax>753</ymax>
		</bndbox>
	</object>
	<object>
		<name>stingray</name>
		<pose>Unspecified</pose>
		<truncated>0</truncated>
		<difficult>0</difficult>
		<occluded>0</occluded>
		<bndbox>
			<xmin>490</xmin>
			<xmax>718</xmax>
			<ymin>417</ymin>
			<ymax>551</ymax>
		</bndbox>
	</object>
	<object>
		<name>shark</name>
		<pose>Unspecified</pose>
		<truncated>0</truncated>
		<difficult>0</difficult>
		<occluded>0</occluded>
		<bndbox>
			<xmin>416</xmin>
			<xmax>566</xmax>
			<ymin>58</ymin>
			<ymax>182</ymax>
		</bndbox>
	</object>
	<object>
		<name>stingray</name>
		<pose>Unspecified</pose>
		<truncated>0</truncated>
		<difficult>0</difficult>
		<occluded>0</occluded>
		<bndbox>
			<xmin>334</xmin>
			<xmax>532</xmax>
			<ymin>456</ymin>
			<ymax>558</ymax>
		</bndbox>
	</object>
</annotation>
