<annotation>
	<folder></folder>
	<filename>IMG_8571_MOV-0_jpg.rf.f4ca11babed3711ce449c6a066be33a5.jpg</filename>
	<path>IMG_8571_MOV-0_jpg.rf.f4ca11babed3711ce449c6a066be33a5.jpg</path>
	<source>
		<database>roboflow.ai</database>
	</source>
	<size>
		<width>576</width>
		<height>1024</height>
		<depth>3</depth>
	</size>
	<segmented>0</segmented>
	<object>
		<name>shark</name>
		<pose>Unspecified</pose>
		<truncated>0</truncated>
		<difficult>0</difficult>
		<occluded>0</occluded>
		<bndbox>
			<xmin>41</xmin>
			<xmax>576</xmax>
			<ymin>302</ymin>
			<ymax>513</ymax>
		</bndbox>
	</object>
</annotation>
