<annotation>
	<folder></folder>
	<filename>IMG_8470_jpg.rf.5c11524bbae1866b8f848725d86d5142.jpg</filename>
	<path>IMG_8470_jpg.rf.5c11524bbae1866b8f848725d86d5142.jpg</path>
	<source>
		<database>roboflow.ai</database>
	</source>
	<size>
		<width>1024</width>
		<height>768</height>
		<depth>3</depth>
	</size>
	<segmented>0</segmented>
	<object>
		<name>fish</name>
		<pose>Unspecified</pose>
		<truncated>0</truncated>
		<difficult>0</difficult>
		<occluded>0</occluded>
		<bndbox>
			<xmin>419</xmin>
			<xmax>493</xmax>
			<ymin>50</ymin>
			<ymax>241</ymax>
		</bndbox>
	</object>
	<object>
		<name>fish</name>
		<pose>Unspecified</pose>
		<truncated>0</truncated>
		<difficult>0</difficult>
		<occluded>0</occluded>
		<bndbox>
			<xmin>272</xmin>
			<xmax>403</xmax>
			<ymin>202</ymin>
			<ymax>421</ymax>
		</bndbox>
	</object>
	<object>
		<name>fish</name>
		<pose>Unspecified</pose>
		<truncated>0</truncated>
		<difficult>0</difficult>
		<occluded>0</occluded>
		<bndbox>
			<xmin>298</xmin>
			<xmax>490</xmax>
			<ymin>421</ymin>
			<ymax>535</ymax>
		</bndbox>
	</object>
	<object>
		<name>fish</name>
		<pose>Unspecified</pose>
		<truncated>0</truncated>
		<difficult>0</difficult>
		<occluded>0</occluded>
		<bndbox>
			<xmin>195</xmin>
			<xmax>525</xmax>
			<ymin>530</ymin>
			<ymax>769</ymax>
		</bndbox>
	</object>
</annotation>
