<annotation>
	<folder></folder>
	<filename>IMG_2480_jpeg_jpg.rf.65112653d4f14fcd3431eed42833146e.jpg</filename>
	<path>IMG_2480_jpeg_jpg.rf.65112653d4f14fcd3431eed42833146e.jpg</path>
	<source>
		<database>roboflow.ai</database>
	</source>
	<size>
		<width>768</width>
		<height>1024</height>
		<depth>3</depth>
	</size>
	<segmented>0</segmented>
	<object>
		<name>jellyfish</name>
		<pose>Unspecified</pose>
		<truncated>0</truncated>
		<difficult>0</difficult>
		<occluded>0</occluded>
		<bndbox>
			<xmin>492</xmin>
			<xmax>582</xmax>
			<ymin>186</ymin>
			<ymax>291</ymax>
		</bndbox>
	</object>
	<object>
		<name>jellyfish</name>
		<pose>Unspecified</pose>
		<truncated>0</truncated>
		<difficult>0</difficult>
		<occluded>0</occluded>
		<bndbox>
			<xmin>428</xmin>
			<xmax>489</xmax>
			<ymin>706</ymin>
			<ymax>807</ymax>
		</bndbox>
	</object>
	<object>
		<name>jellyfish</name>
		<pose>Unspecified</pose>
		<truncated>0</truncated>
		<difficult>0</difficult>
		<occluded>0</occluded>
		<bndbox>
			<xmin>530</xmin>
			<xmax>635</xmax>
			<ymin>677</ymin>
			<ymax>777</ymax>
		</bndbox>
	</object>
	<object>
		<name>jellyfish</name>
		<pose>Unspecified</pose>
		<truncated>0</truncated>
		<difficult>0</difficult>
		<occluded>0</occluded>
		<bndbox>
			<xmin>322</xmin>
			<xmax>427</xmax>
			<ymin>823</ymin>
			<ymax>916</ymax>
		</bndbox>
	</object>
	<object>
		<name>jellyfish</name>
		<pose>Unspecified</pose>
		<truncated>0</truncated>
		<difficult>0</difficult>
		<occluded>0</occluded>
		<bndbox>
			<xmin>183</xmin>
			<xmax>281</xmax>
			<ymin>610</ymin>
			<ymax>679</ymax>
		</bndbox>
	</object>
	<object>
		<name>jellyfish</name>
		<pose>Unspecified</pose>
		<truncated>0</truncated>
		<difficult>0</difficult>
		<occluded>0</occluded>
		<bndbox>
			<xmin>540</xmin>
			<xmax>626</xmax>
			<ymin>514</ymin>
			<ymax>583</ymax>
		</bndbox>
	</object>
	<object>
		<name>jellyfish</name>
		<pose>Unspecified</pose>
		<truncated>0</truncated>
		<difficult>0</difficult>
		<occluded>0</occluded>
		<bndbox>
			<xmin>233</xmin>
			<xmax>319</xmax>
			<ymin>810</ymin>
			<ymax>876</ymax>
		</bndbox>
	</object>
	<object>
		<name>jellyfish</name>
		<pose>Unspecified</pose>
		<truncated>0</truncated>
		<difficult>0</difficult>
		<occluded>0</occluded>
		<bndbox>
			<xmin>398</xmin>
			<xmax>496</xmax>
			<ymin>468</ymin>
			<ymax>533</ymax>
		</bndbox>
	</object>
	<object>
		<name>jellyfish</name>
		<pose>Unspecified</pose>
		<truncated>0</truncated>
		<difficult>0</difficult>
		<occluded>0</occluded>
		<bndbox>
			<xmin>430</xmin>
			<xmax>530</xmax>
			<ymin>435</ymin>
			<ymax>500</ymax>
		</bndbox>
	</object>
	<object>
		<name>jellyfish</name>
		<pose>Unspecified</pose>
		<truncated>0</truncated>
		<difficult>0</difficult>
		<occluded>0</occluded>
		<bndbox>
			<xmin>470</xmin>
			<xmax>553</xmax>
			<ymin>515</ymin>
			<ymax>579</ymax>
		</bndbox>
	</object>
	<object>
		<name>jellyfish</name>
		<pose>Unspecified</pose>
		<truncated>0</truncated>
		<difficult>0</difficult>
		<occluded>0</occluded>
		<bndbox>
			<xmin>599</xmin>
			<xmax>687</xmax>
			<ymin>493</ymin>
			<ymax>556</ymax>
		</bndbox>
	</object>
	<object>
		<name>jellyfish</name>
		<pose>Unspecified</pose>
		<truncated>0</truncated>
		<difficult>0</difficult>
		<occluded>0</occluded>
		<bndbox>
			<xmin>522</xmin>
			<xmax>618</xmax>
			<ymin>827</ymin>
			<ymax>889</ymax>
		</bndbox>
	</object>
	<object>
		<name>jellyfish</name>
		<pose>Unspecified</pose>
		<truncated>0</truncated>
		<difficult>0</difficult>
		<occluded>0</occluded>
		<bndbox>
			<xmin>690</xmin>
			<xmax>768</xmax>
			<ymin>859</ymin>
			<ymax>918</ymax>
		</bndbox>
	</object>
	<object>
		<name>jellyfish</name>
		<pose>Unspecified</pose>
		<truncated>0</truncated>
		<difficult>0</difficult>
		<occluded>0</occluded>
		<bndbox>
			<xmin>275</xmin>
			<xmax>389</xmax>
			<ymin>425</ymin>
			<ymax>483</ymax>
		</bndbox>
	</object>
	<object>
		<name>jellyfish</name>
		<pose>Unspecified</pose>
		<truncated>0</truncated>
		<difficult>0</difficult>
		<occluded>0</occluded>
		<bndbox>
			<xmin>704</xmin>
			<xmax>769</xmax>
			<ymin>526</ymin>
			<ymax>581</ymax>
		</bndbox>
	</object>
</annotation>
