<annotation>
	<folder></folder>
	<filename>IMG_2327_jpeg_jpg.rf.23ca4add8919548516415c9fe02eedf6.jpg</filename>
	<path>IMG_2327_jpeg_jpg.rf.23ca4add8919548516415c9fe02eedf6.jpg</path>
	<source>
		<database>roboflow.ai</database>
	</source>
	<size>
		<width>768</width>
		<height>1024</height>
		<depth>3</depth>
	</size>
	<segmented>0</segmented>
	<object>
		<name>penguin</name>
		<pose>Unspecified</pose>
		<truncated>0</truncated>
		<difficult>0</difficult>
		<occluded>0</occluded>
		<bndbox>
			<xmin>96</xmin>
			<xmax>538</xmax>
			<ymin>667</ymin>
			<ymax>980</ymax>
		</bndbox>
	</object>
	<object>
		<name>penguin</name>
		<pose>Unspecified</pose>
		<truncated>0</truncated>
		<difficult>0</difficult>
		<occluded>0</occluded>
		<bndbox>
			<xmin>203</xmin>
			<xmax>404</xmax>
			<ymin>520</ymin>
			<ymax>616</ymax>
		</bndbox>
	</object>
</annotation>
