<annotation>
	<folder></folder>
	<filename>IMG_8496_MOV-3_jpg.rf.ace3fc49d60c36ebd061bf9136264aea.jpg</filename>
	<path>IMG_8496_MOV-3_jpg.rf.ace3fc49d60c36ebd061bf9136264aea.jpg</path>
	<source>
		<database>roboflow.ai</database>
	</source>
	<size>
		<width>576</width>
		<height>1024</height>
		<depth>3</depth>
	</size>
	<segmented>0</segmented>
	<object>
		<name>fish</name>
		<pose>Unspecified</pose>
		<truncated>0</truncated>
		<difficult>0</difficult>
		<occluded>0</occluded>
		<bndbox>
			<xmin>352</xmin>
			<xmax>576</xmax>
			<ymin>567</ymin>
			<ymax>683</ymax>
		</bndbox>
	</object>
	<object>
		<name>fish</name>
		<pose>Unspecified</pose>
		<truncated>0</truncated>
		<difficult>0</difficult>
		<occluded>0</occluded>
		<bndbox>
			<xmin>1</xmin>
			<xmax>241</xmax>
			<ymin>509</ymin>
			<ymax>615</ymax>
		</bndbox>
	</object>
	<object>
		<name>shark</name>
		<pose>Unspecified</pose>
		<truncated>0</truncated>
		<difficult>0</difficult>
		<occluded>0</occluded>
		<bndbox>
			<xmin>356</xmin>
			<xmax>496</xmax>
			<ymin>486</ymin>
			<ymax>802</ymax>
		</bndbox>
	</object>
</annotation>
