<annotation>
	<folder></folder>
	<filename>IMG_3125_jpeg_jpg.rf.6c100391f99fd177741c11b928b7a61c.jpg</filename>
	<path>IMG_3125_jpeg_jpg.rf.6c100391f99fd177741c11b928b7a61c.jpg</path>
	<source>
		<database>roboflow.ai</database>
	</source>
	<size>
		<width>768</width>
		<height>1024</height>
		<depth>3</depth>
	</size>
	<segmented>0</segmented>
	<object>
		<name>starfish</name>
		<pose>Unspecified</pose>
		<truncated>0</truncated>
		<difficult>0</difficult>
		<occluded>0</occluded>
		<bndbox>
			<xmin>165</xmin>
			<xmax>630</xmax>
			<ymin>381</ymin>
			<ymax>630</ymax>
		</bndbox>
	</object>
</annotation>
