<annotation>
	<folder></folder>
	<filename>IMG_2310_jpeg_jpg.rf.89adac79fea2745dae17668703c85ba2.jpg</filename>
	<path>IMG_2310_jpeg_jpg.rf.89adac79fea2745dae17668703c85ba2.jpg</path>
	<source>
		<database>roboflow.ai</database>
	</source>
	<size>
		<width>768</width>
		<height>1024</height>
		<depth>3</depth>
	</size>
	<segmented>0</segmented>
	<object>
		<name>penguin</name>
		<pose>Unspecified</pose>
		<truncated>0</truncated>
		<difficult>0</difficult>
		<occluded>0</occluded>
		<bndbox>
			<xmin>236</xmin>
			<xmax>476</xmax>
			<ymin>244</ymin>
			<ymax>659</ymax>
		</bndbox>
	</object>
</annotation>
