<annotation>
	<folder></folder>
	<filename>IMG_2541_jpeg_jpg.rf.fc997b87790e715d47ce1cc83edf79c2.jpg</filename>
	<path>IMG_2541_jpeg_jpg.rf.fc997b87790e715d47ce1cc83edf79c2.jpg</path>
	<source>
		<database>roboflow.ai</database>
	</source>
	<size>
		<width>768</width>
		<height>1024</height>
		<depth>3</depth>
	</size>
	<segmented>0</segmented>
	<object>
		<name>starfish</name>
		<pose>Unspecified</pose>
		<truncated>0</truncated>
		<difficult>0</difficult>
		<occluded>0</occluded>
		<bndbox>
			<xmin>303</xmin>
			<xmax>535</xmax>
			<ymin>411</ymin>
			<ymax>731</ymax>
		</bndbox>
	</object>
</annotation>
