<annotation>
	<folder></folder>
	<filename>IMG_8469_jpg.rf.7faf777e50196eee1e90df69e03fd778.jpg</filename>
	<path>IMG_8469_jpg.rf.7faf777e50196eee1e90df69e03fd778.jpg</path>
	<source>
		<database>roboflow.ai</database>
	</source>
	<size>
		<width>1024</width>
		<height>768</height>
		<depth>3</depth>
	</size>
	<segmented>0</segmented>
	<object>
		<name>fish</name>
		<pose>Unspecified</pose>
		<truncated>0</truncated>
		<difficult>0</difficult>
		<occluded>0</occluded>
		<bndbox>
			<xmin>328</xmin>
			<xmax>450</xmax>
			<ymin>103</ymin>
			<ymax>319</ymax>
		</bndbox>
	</object>
	<object>
		<name>fish</name>
		<pose>Unspecified</pose>
		<truncated>0</truncated>
		<difficult>0</difficult>
		<occluded>0</occluded>
		<bndbox>
			<xmin>332</xmin>
			<xmax>497</xmax>
			<ymin>367</ymin>
			<ymax>478</ymax>
		</bndbox>
	</object>
	<object>
		<name>fish</name>
		<pose>Unspecified</pose>
		<truncated>0</truncated>
		<difficult>0</difficult>
		<occluded>0</occluded>
		<bndbox>
			<xmin>470</xmin>
			<xmax>563</xmax>
			<ymin>1</ymin>
			<ymax>108</ymax>
		</bndbox>
	</object>
	<object>
		<name>fish</name>
		<pose>Unspecified</pose>
		<truncated>0</truncated>
		<difficult>0</difficult>
		<occluded>0</occluded>
		<bndbox>
			<xmin>200</xmin>
			<xmax>501</xmax>
			<ymin>539</ymin>
			<ymax>696</ymax>
		</bndbox>
	</object>
</annotation>
