<annotation>
	<folder></folder>
	<filename>IMG_2498_jpeg_jpg.rf.fb8d5cb2ea8c29c710ef2240cf19918f.jpg</filename>
	<path>IMG_2498_jpeg_jpg.rf.fb8d5cb2ea8c29c710ef2240cf19918f.jpg</path>
	<source>
		<database>roboflow.ai</database>
	</source>
	<size>
		<width>768</width>
		<height>1024</height>
		<depth>3</depth>
	</size>
	<segmented>0</segmented>
	<object>
		<name>shark</name>
		<pose>Unspecified</pose>
		<truncated>0</truncated>
		<difficult>0</difficult>
		<occluded>0</occluded>
		<bndbox>
			<xmin>1</xmin>
			<xmax>725</xmax>
			<ymin>245</ymin>
			<ymax>686</ymax>
		</bndbox>
	</object>
	<object>
		<name>shark</name>
		<pose>Unspecified</pose>
		<truncated>0</truncated>
		<difficult>0</difficult>
		<occluded>0</occluded>
		<bndbox>
			<xmin>322</xmin>
			<xmax>715</xmax>
			<ymin>136</ymin>
			<ymax>252</ymax>
		</bndbox>
	</object>
	<object>
		<name>fish</name>
		<pose>Unspecified</pose>
		<truncated>0</truncated>
		<difficult>0</difficult>
		<occluded>0</occluded>
		<bndbox>
			<xmin>48</xmin>
			<xmax>165</xmax>
			<ymin>90</ymin>
			<ymax>180</ymax>
		</bndbox>
	</object>
</annotation>
