<annotation>
	<folder></folder>
	<filename>IMG_2359_jpeg_jpg.rf.9a22271fa084fd7ba13ffe880215c8f4.jpg</filename>
	<path>IMG_2359_jpeg_jpg.rf.9a22271fa084fd7ba13ffe880215c8f4.jpg</path>
	<source>
		<database>roboflow.ai</database>
	</source>
	<size>
		<width>768</width>
		<height>1024</height>
		<depth>3</depth>
	</size>
	<segmented>0</segmented>
	<object>
		<name>fish</name>
		<pose>Unspecified</pose>
		<truncated>0</truncated>
		<difficult>0</difficult>
		<occluded>0</occluded>
		<bndbox>
			<xmin>1</xmin>
			<xmax>197</xmax>
			<ymin>471</ymin>
			<ymax>691</ymax>
		</bndbox>
	</object>
	<object>
		<name>starfish</name>
		<pose>Unspecified</pose>
		<truncated>0</truncated>
		<difficult>0</difficult>
		<occluded>0</occluded>
		<bndbox>
			<xmin>251</xmin>
			<xmax>472</xmax>
			<ymin>517</ymin>
			<ymax>722</ymax>
		</bndbox>
	</object>
	<object>
		<name>fish</name>
		<pose>Unspecified</pose>
		<truncated>0</truncated>
		<difficult>0</difficult>
		<occluded>0</occluded>
		<bndbox>
			<xmin>260</xmin>
			<xmax>755</xmax>
			<ymin>882</ymin>
			<ymax>1024</ymax>
		</bndbox>
	</object>
</annotation>
