<annotation>
	<folder></folder>
	<filename>IMG_2511_jpeg_jpg.rf.4593a8e1ea4e285da455b895a36fa2c7.jpg</filename>
	<path>IMG_2511_jpeg_jpg.rf.4593a8e1ea4e285da455b895a36fa2c7.jpg</path>
	<source>
		<database>roboflow.ai</database>
	</source>
	<size>
		<width>768</width>
		<height>1024</height>
		<depth>3</depth>
	</size>
	<segmented>0</segmented>
	<object>
		<name>shark</name>
		<pose>Unspecified</pose>
		<truncated>0</truncated>
		<difficult>0</difficult>
		<occluded>0</occluded>
		<bndbox>
			<xmin>77</xmin>
			<xmax>553</xmax>
			<ymin>338</ymin>
			<ymax>743</ymax>
		</bndbox>
	</object>
</annotation>
