<annotation>
	<folder></folder>
	<filename>IMG_2644_jpeg_jpg.rf.5457f7caeb210ee8c00a94d640bb62e2.jpg</filename>
	<path>IMG_2644_jpeg_jpg.rf.5457f7caeb210ee8c00a94d640bb62e2.jpg</path>
	<source>
		<database>roboflow.ai</database>
	</source>
	<size>
		<width>768</width>
		<height>1024</height>
		<depth>3</depth>
	</size>
	<segmented>0</segmented>
	<object>
		<name>shark</name>
		<pose>Unspecified</pose>
		<truncated>0</truncated>
		<difficult>0</difficult>
		<occluded>0</occluded>
		<bndbox>
			<xmin>3</xmin>
			<xmax>644</xmax>
			<ymin>348</ymin>
			<ymax>687</ymax>
		</bndbox>
	</object>
	<object>
		<name>stingray</name>
		<pose>Unspecified</pose>
		<truncated>0</truncated>
		<difficult>0</difficult>
		<occluded>0</occluded>
		<bndbox>
			<xmin>1</xmin>
			<xmax>135</xmax>
			<ymin>731</ymin>
			<ymax>844</ymax>
		</bndbox>
	</object>
</annotation>
