<annotation>
	<folder></folder>
	<filename>IMG_2642_jpeg_jpg.rf.3d4d0bd35e30e6c18388b3f50e699a4d.jpg</filename>
	<path>IMG_2642_jpeg_jpg.rf.3d4d0bd35e30e6c18388b3f50e699a4d.jpg</path>
	<source>
		<database>roboflow.ai</database>
	</source>
	<size>
		<width>768</width>
		<height>1024</height>
		<depth>3</depth>
	</size>
	<segmented>0</segmented>
	<object>
		<name>shark</name>
		<pose>Unspecified</pose>
		<truncated>0</truncated>
		<difficult>0</difficult>
		<occluded>0</occluded>
		<bndbox>
			<xmin>346</xmin>
			<xmax>769</xmax>
			<ymin>525</ymin>
			<ymax>880</ymax>
		</bndbox>
	</object>
	<object>
		<name>stingray</name>
		<pose>Unspecified</pose>
		<truncated>0</truncated>
		<difficult>0</difficult>
		<occluded>0</occluded>
		<bndbox>
			<xmin>343</xmin>
			<xmax>489</xmax>
			<ymin>475</ymin>
			<ymax>588</ymax>
		</bndbox>
	</object>
</annotation>
