<annotation>
	<folder></folder>
	<filename>IMG_2556_jpeg_jpg.rf.95be135e1024945e03cb4e03910ce8fd.jpg</filename>
	<path>IMG_2556_jpeg_jpg.rf.95be135e1024945e03cb4e03910ce8fd.jpg</path>
	<source>
		<database>roboflow.ai</database>
	</source>
	<size>
		<width>768</width>
		<height>1024</height>
		<depth>3</depth>
	</size>
	<segmented>0</segmented>
	<object>
		<name>stingray</name>
		<pose>Unspecified</pose>
		<truncated>0</truncated>
		<difficult>0</difficult>
		<occluded>0</occluded>
		<bndbox>
			<xmin>115</xmin>
			<xmax>426</xmax>
			<ymin>557</ymin>
			<ymax>791</ymax>
		</bndbox>
	</object>
</annotation>
