<annotation>
	<folder></folder>
	<filename>IMG_8551_MOV-0_jpg.rf.13c7f883c88334a6674eea274024d390.jpg</filename>
	<path>IMG_8551_MOV-0_jpg.rf.13c7f883c88334a6674eea274024d390.jpg</path>
	<source>
		<database>roboflow.ai</database>
	</source>
	<size>
		<width>576</width>
		<height>1024</height>
		<depth>3</depth>
	</size>
	<segmented>0</segmented>
	<object>
		<name>fish</name>
		<pose>Unspecified</pose>
		<truncated>0</truncated>
		<difficult>0</difficult>
		<occluded>0</occluded>
		<bndbox>
			<xmin>180</xmin>
			<xmax>384</xmax>
			<ymin>311</ymin>
			<ymax>386</ymax>
		</bndbox>
	</object>
	<object>
		<name>fish</name>
		<pose>Unspecified</pose>
		<truncated>0</truncated>
		<difficult>0</difficult>
		<occluded>0</occluded>
		<bndbox>
			<xmin>3</xmin>
			<xmax>61</xmax>
			<ymin>184</ymin>
			<ymax>292</ymax>
		</bndbox>
	</object>
</annotation>
