<annotation>
	<folder></folder>
	<filename>IMG_8342_jpg.rf.783d618ba66fc9dd9d32656e6d5019ab.jpg</filename>
	<path>IMG_8342_jpg.rf.783d618ba66fc9dd9d32656e6d5019ab.jpg</path>
	<source>
		<database>roboflow.ai</database>
	</source>
	<size>
		<width>1024</width>
		<height>768</height>
		<depth>3</depth>
	</size>
	<segmented>0</segmented>
	<object>
		<name>fish</name>
		<pose>Unspecified</pose>
		<truncated>0</truncated>
		<difficult>0</difficult>
		<occluded>0</occluded>
		<bndbox>
			<xmin>476</xmin>
			<xmax>824</xmax>
			<ymin>470</ymin>
			<ymax>660</ymax>
		</bndbox>
	</object>
	<object>
		<name>fish</name>
		<pose>Unspecified</pose>
		<truncated>0</truncated>
		<difficult>0</difficult>
		<occluded>0</occluded>
		<bndbox>
			<xmin>27</xmin>
			<xmax>89</xmax>
			<ymin>264</ymin>
			<ymax>400</ymax>
		</bndbox>
	</object>
	<object>
		<name>fish</name>
		<pose>Unspecified</pose>
		<truncated>0</truncated>
		<difficult>0</difficult>
		<occluded>0</occluded>
		<bndbox>
			<xmin>180</xmin>
			<xmax>245</xmax>
			<ymin>127</ymin>
			<ymax>218</ymax>
		</bndbox>
	</object>
</annotation>
