<annotation>
	<folder></folder>
	<filename>IMG_8496_MOV-4_jpg.rf.5a57e10d66c22e0dd54f16fc0d9ea2d8.jpg</filename>
	<path>IMG_8496_MOV-4_jpg.rf.5a57e10d66c22e0dd54f16fc0d9ea2d8.jpg</path>
	<source>
		<database>roboflow.ai</database>
	</source>
	<size>
		<width>576</width>
		<height>1024</height>
		<depth>3</depth>
	</size>
	<segmented>0</segmented>
	<object>
		<name>shark</name>
		<pose>Unspecified</pose>
		<truncated>0</truncated>
		<difficult>0</difficult>
		<occluded>0</occluded>
		<bndbox>
			<xmin>235</xmin>
			<xmax>362</xmax>
			<ymin>504</ymin>
			<ymax>711</ymax>
		</bndbox>
	</object>
	<object>
		<name>fish</name>
		<pose>Unspecified</pose>
		<truncated>0</truncated>
		<difficult>0</difficult>
		<occluded>0</occluded>
		<bndbox>
			<xmin>192</xmin>
			<xmax>576</xmax>
			<ymin>590</ymin>
			<ymax>747</ymax>
		</bndbox>
	</object>
	<object>
		<name>fish</name>
		<pose>Unspecified</pose>
		<truncated>0</truncated>
		<difficult>0</difficult>
		<occluded>0</occluded>
		<bndbox>
			<xmin>1</xmin>
			<xmax>167</xmax>
			<ymin>589</ymin>
			<ymax>657</ymax>
		</bndbox>
	</object>
</annotation>
