<annotation>
	<folder></folder>
	<filename>IMG_2290_jpeg_jpg.rf.3698fd48defd03b2550f7ba8b68314ee.jpg</filename>
	<path>IMG_2290_jpeg_jpg.rf.3698fd48defd03b2550f7ba8b68314ee.jpg</path>
	<source>
		<database>roboflow.ai</database>
	</source>
	<size>
		<width>768</width>
		<height>1024</height>
		<depth>3</depth>
	</size>
	<segmented>0</segmented>
	<object>
		<name>puffin</name>
		<pose>Unspecified</pose>
		<truncated>0</truncated>
		<difficult>0</difficult>
		<occluded>0</occluded>
		<bndbox>
			<xmin>224</xmin>
			<xmax>674</xmax>
			<ymin>311</ymin>
			<ymax>706</ymax>
		</bndbox>
	</object>
</annotation>
