<annotation>
	<folder></folder>
	<filename>IMG_8328_jpg.rf.c7cdca0b7dc7a6ac3c44254a11bd63cc.jpg</filename>
	<path>IMG_8328_jpg.rf.c7cdca0b7dc7a6ac3c44254a11bd63cc.jpg</path>
	<source>
		<database>roboflow.ai</database>
	</source>
	<size>
		<width>1024</width>
		<height>768</height>
		<depth>3</depth>
	</size>
	<segmented>0</segmented>
	<object>
		<name>fish</name>
		<pose>Unspecified</pose>
		<truncated>0</truncated>
		<difficult>0</difficult>
		<occluded>0</occluded>
		<bndbox>
			<xmin>65</xmin>
			<xmax>835</xmax>
			<ymin>62</ymin>
			<ymax>621</ymax>
		</bndbox>
	</object>
</annotation>
