<annotation>
	<folder></folder>
	<filename>IMG_3157_jpeg_jpg.rf.733ab479bba3333edf7a1cda5054a7e9.jpg</filename>
	<path>IMG_3157_jpeg_jpg.rf.733ab479bba3333edf7a1cda5054a7e9.jpg</path>
	<source>
		<database>roboflow.ai</database>
	</source>
	<size>
		<width>768</width>
		<height>1024</height>
		<depth>3</depth>
	</size>
	<segmented>0</segmented>
	<object>
		<name>puffin</name>
		<pose>Unspecified</pose>
		<truncated>0</truncated>
		<difficult>0</difficult>
		<occluded>0</occluded>
		<bndbox>
			<xmin>598</xmin>
			<xmax>769</xmax>
			<ymin>717</ymin>
			<ymax>954</ymax>
		</bndbox>
	</object>
	<object>
		<name>puffin</name>
		<pose>Unspecified</pose>
		<truncated>0</truncated>
		<difficult>0</difficult>
		<occluded>0</occluded>
		<bndbox>
			<xmin>306</xmin>
			<xmax>769</xmax>
			<ymin>1</ymin>
			<ymax>196</ymax>
		</bndbox>
	</object>
	<object>
		<name>puffin</name>
		<pose>Unspecified</pose>
		<truncated>0</truncated>
		<difficult>0</difficult>
		<occluded>0</occluded>
		<bndbox>
			<xmin>423</xmin>
			<xmax>646</xmax>
			<ymin>290</ymin>
			<ymax>398</ymax>
		</bndbox>
	</object>
</annotation>
