<annotation>
	<folder></folder>
	<filename>IMG_2609_jpeg_jpg.rf.812bb452a59431bc957f24c60300dfee.jpg</filename>
	<path>IMG_2609_jpeg_jpg.rf.812bb452a59431bc957f24c60300dfee.jpg</path>
	<source>
		<database>roboflow.ai</database>
	</source>
	<size>
		<width>768</width>
		<height>1024</height>
		<depth>3</depth>
	</size>
	<segmented>0</segmented>
	<object>
		<name>starfish</name>
		<pose>Unspecified</pose>
		<truncated>0</truncated>
		<difficult>0</difficult>
		<occluded>0</occluded>
		<bndbox>
			<xmin>267</xmin>
			<xmax>531</xmax>
			<ymin>496</ymin>
			<ymax>807</ymax>
		</bndbox>
	</object>
</annotation>
