<annotation>
	<folder></folder>
	<filename>IMG_8548_jpg.rf.a4d3450e14fbb48bf958673fb404548b.jpg</filename>
	<path>IMG_8548_jpg.rf.a4d3450e14fbb48bf958673fb404548b.jpg</path>
	<source>
		<database>roboflow.ai</database>
	</source>
	<size>
		<width>1024</width>
		<height>768</height>
		<depth>3</depth>
	</size>
	<segmented>0</segmented>
	<object>
		<name>fish</name>
		<pose>Unspecified</pose>
		<truncated>0</truncated>
		<difficult>0</difficult>
		<occluded>0</occluded>
		<bndbox>
			<xmin>539</xmin>
			<xmax>648</xmax>
			<ymin>173</ymin>
			<ymax>270</ymax>
		</bndbox>
	</object>
	<object>
		<name>fish</name>
		<pose>Unspecified</pose>
		<truncated>0</truncated>
		<difficult>0</difficult>
		<occluded>0</occluded>
		<bndbox>
			<xmin>774</xmin>
			<xmax>908</xmax>
			<ymin>323</ymin>
			<ymax>391</ymax>
		</bndbox>
	</object>
	<object>
		<name>fish</name>
		<pose>Unspecified</pose>
		<truncated>0</truncated>
		<difficult>0</difficult>
		<occluded>0</occluded>
		<bndbox>
			<xmin>320</xmin>
			<xmax>408</xmax>
			<ymin>684</ymin>
			<ymax>726</ymax>
		</bndbox>
	</object>
	<object>
		<name>fish</name>
		<pose>Unspecified</pose>
		<truncated>0</truncated>
		<difficult>0</difficult>
		<occluded>0</occluded>
		<bndbox>
			<xmin>98</xmin>
			<xmax>216</xmax>
			<ymin>469</ymin>
			<ymax>566</ymax>
		</bndbox>
	</object>
</annotation>
