<annotation>
	<folder></folder>
	<filename>IMG_2549_jpeg_jpg.rf.d9307c4549bb67163bb43c81fb771cd8.jpg</filename>
	<path>IMG_2549_jpeg_jpg.rf.d9307c4549bb67163bb43c81fb771cd8.jpg</path>
	<source>
		<database>roboflow.ai</database>
	</source>
	<size>
		<width>768</width>
		<height>1024</height>
		<depth>3</depth>
	</size>
	<segmented>0</segmented>
	<object>
		<name>stingray</name>
		<pose>Unspecified</pose>
		<truncated>0</truncated>
		<difficult>0</difficult>
		<occluded>0</occluded>
		<bndbox>
			<xmin>225</xmin>
			<xmax>580</xmax>
			<ymin>548</ymin>
			<ymax>778</ymax>
		</bndbox>
	</object>
</annotation>
