<annotation>
	<folder></folder>
	<filename>IMG_2303_jpeg_jpg.rf.0c70be2d073ae94feeb463b79babaab8.jpg</filename>
	<path>IMG_2303_jpeg_jpg.rf.0c70be2d073ae94feeb463b79babaab8.jpg</path>
	<source>
		<database>roboflow.ai</database>
	</source>
	<size>
		<width>768</width>
		<height>1024</height>
		<depth>3</depth>
	</size>
	<segmented>0</segmented>
	<object>
		<name>penguin</name>
		<pose>Unspecified</pose>
		<truncated>0</truncated>
		<difficult>0</difficult>
		<occluded>0</occluded>
		<bndbox>
			<xmin>83</xmin>
			<xmax>699</xmax>
			<ymin>372</ymin>
			<ymax>799</ymax>
		</bndbox>
	</object>
	<object>
		<name>penguin</name>
		<pose>Unspecified</pose>
		<truncated>0</truncated>
		<difficult>0</difficult>
		<occluded>0</occluded>
		<bndbox>
			<xmin>189</xmin>
			<xmax>256</xmax>
			<ymin>345</ymin>
			<ymax>455</ymax>
		</bndbox>
	</object>
	<object>
		<name>penguin</name>
		<pose>Unspecified</pose>
		<truncated>0</truncated>
		<difficult>0</difficult>
		<occluded>0</occluded>
		<bndbox>
			<xmin>136</xmin>
			<xmax>172</xmax>
			<ymin>322</ymin>
			<ymax>372</ymax>
		</bndbox>
	</object>
	<object>
		<name>penguin</name>
		<pose>Unspecified</pose>
		<truncated>0</truncated>
		<difficult>0</difficult>
		<occluded>0</occluded>
		<bndbox>
			<xmin>340</xmin>
			<xmax>366</xmax>
			<ymin>349</ymin>
			<ymax>391</ymax>
		</bndbox>
	</object>
</annotation>
