<annotation>
	<folder></folder>
	<filename>IMG_2566_jpeg_jpg.rf.8f6fd7144a30307e3f577604b587d0ff.jpg</filename>
	<path>IMG_2566_jpeg_jpg.rf.8f6fd7144a30307e3f577604b587d0ff.jpg</path>
	<source>
		<database>roboflow.ai</database>
	</source>
	<size>
		<width>768</width>
		<height>1024</height>
		<depth>3</depth>
	</size>
	<segmented>0</segmented>
	<object>
		<name>stingray</name>
		<pose>Unspecified</pose>
		<truncated>0</truncated>
		<difficult>0</difficult>
		<occluded>0</occluded>
		<bndbox>
			<xmin>190</xmin>
			<xmax>492</xmax>
			<ymin>570</ymin>
			<ymax>752</ymax>
		</bndbox>
	</object>
	<object>
		<name>stingray</name>
		<pose>Unspecified</pose>
		<truncated>0</truncated>
		<difficult>0</difficult>
		<occluded>0</occluded>
		<bndbox>
			<xmin>236</xmin>
			<xmax>376</xmax>
			<ymin>54</ymin>
			<ymax>115</ymax>
		</bndbox>
	</object>
</annotation>
