<annotation>
	<folder></folder>
	<filename>IMG_3127_jpeg_jpg.rf.1f29f97225daf147f37da45ccc3e9f5e.jpg</filename>
	<path>IMG_3127_jpeg_jpg.rf.1f29f97225daf147f37da45ccc3e9f5e.jpg</path>
	<source>
		<database>roboflow.ai</database>
	</source>
	<size>
		<width>768</width>
		<height>1024</height>
		<depth>3</depth>
	</size>
	<segmented>0</segmented>
	<object>
		<name>starfish</name>
		<pose>Unspecified</pose>
		<truncated>0</truncated>
		<difficult>0</difficult>
		<occluded>0</occluded>
		<bndbox>
			<xmin>291</xmin>
			<xmax>473</xmax>
			<ymin>504</ymin>
			<ymax>625</ymax>
		</bndbox>
	</object>
	<object>
		<name>fish</name>
		<pose>Unspecified</pose>
		<truncated>0</truncated>
		<difficult>0</difficult>
		<occluded>0</occluded>
		<bndbox>
			<xmin>616</xmin>
			<xmax>768</xmax>
			<ymin>309</ymin>
			<ymax>418</ymax>
		</bndbox>
	</object>
	<object>
		<name>fish</name>
		<pose>Unspecified</pose>
		<truncated>0</truncated>
		<difficult>0</difficult>
		<occluded>0</occluded>
		<bndbox>
			<xmin>131</xmin>
			<xmax>222</xmax>
			<ymin>449</ymin>
			<ymax>522</ymax>
		</bndbox>
	</object>
</annotation>
