<annotation>
	<folder></folder>
	<filename>IMG_2539_jpeg_jpg.rf.74889d874e69af524f714f420772ecc7.jpg</filename>
	<path>IMG_2539_jpeg_jpg.rf.74889d874e69af524f714f420772ecc7.jpg</path>
	<source>
		<database>roboflow.ai</database>
	</source>
	<size>
		<width>768</width>
		<height>1024</height>
		<depth>3</depth>
	</size>
	<segmented>0</segmented>
	<object>
		<name>starfish</name>
		<pose>Unspecified</pose>
		<truncated>0</truncated>
		<difficult>0</difficult>
		<occluded>0</occluded>
		<bndbox>
			<xmin>245</xmin>
			<xmax>474</xmax>
			<ymin>129</ymin>
			<ymax>402</ymax>
		</bndbox>
	</object>
	<object>
		<name>starfish</name>
		<pose>Unspecified</pose>
		<truncated>0</truncated>
		<difficult>0</difficult>
		<occluded>0</occluded>
		<bndbox>
			<xmin>367</xmin>
			<xmax>517</xmax>
			<ymin>744</ymin>
			<ymax>948</ymax>
		</bndbox>
	</object>
</annotation>
