<annotation>
	<folder></folder>
	<filename>IMG_2443_jpeg_jpg.rf.fbca75ce6c1f6f9a3ebaa0dc2dc58d3a.jpg</filename>
	<path>IMG_2443_jpeg_jpg.rf.fbca75ce6c1f6f9a3ebaa0dc2dc58d3a.jpg</path>
	<source>
		<database>roboflow.ai</database>
	</source>
	<size>
		<width>768</width>
		<height>1024</height>
		<depth>3</depth>
	</size>
	<segmented>0</segmented>
	<object>
		<name>shark</name>
		<pose>Unspecified</pose>
		<truncated>0</truncated>
		<difficult>0</difficult>
		<occluded>0</occluded>
		<bndbox>
			<xmin>211</xmin>
			<xmax>426</xmax>
			<ymin>528</ymin>
			<ymax>650</ymax>
		</bndbox>
	</object>
	<object>
		<name>shark</name>
		<pose>Unspecified</pose>
		<truncated>0</truncated>
		<difficult>0</difficult>
		<occluded>0</occluded>
		<bndbox>
			<xmin>46</xmin>
			<xmax>370</xmax>
			<ymin>130</ymin>
			<ymax>235</ymax>
		</bndbox>
	</object>
	<object>
		<name>fish</name>
		<pose>Unspecified</pose>
		<truncated>0</truncated>
		<difficult>0</difficult>
		<occluded>0</occluded>
		<bndbox>
			<xmin>474</xmin>
			<xmax>612</xmax>
			<ymin>395</ymin>
			<ymax>474</ymax>
		</bndbox>
	</object>
	<object>
		<name>fish</name>
		<pose>Unspecified</pose>
		<truncated>0</truncated>
		<difficult>0</difficult>
		<occluded>0</occluded>
		<bndbox>
			<xmin>426</xmin>
			<xmax>581</xmax>
			<ymin>387</ymin>
			<ymax>463</ymax>
		</bndbox>
	</object>
	<object>
		<name>fish</name>
		<pose>Unspecified</pose>
		<truncated>0</truncated>
		<difficult>0</difficult>
		<occluded>0</occluded>
		<bndbox>
			<xmin>479</xmin>
			<xmax>547</xmax>
			<ymin>536</ymin>
			<ymax>619</ymax>
		</bndbox>
	</object>
</annotation>
