<annotation>
	<folder></folder>
	<filename>IMG_3123_jpeg_jpg.rf.e76afbe597d98c497fcf2ac25c3d0fc7.jpg</filename>
	<path>IMG_3123_jpeg_jpg.rf.e76afbe597d98c497fcf2ac25c3d0fc7.jpg</path>
	<source>
		<database>roboflow.ai</database>
	</source>
	<size>
		<width>768</width>
		<height>1024</height>
		<depth>3</depth>
	</size>
	<segmented>0</segmented>
	<object>
		<name>starfish</name>
		<pose>Unspecified</pose>
		<truncated>0</truncated>
		<difficult>0</difficult>
		<occluded>0</occluded>
		<bndbox>
			<xmin>44</xmin>
			<xmax>749</xmax>
			<ymin>181</ymin>
			<ymax>748</ymax>
		</bndbox>
	</object>
	<object>
		<name>starfish</name>
		<pose>Unspecified</pose>
		<truncated>0</truncated>
		<difficult>0</difficult>
		<occluded>0</occluded>
		<bndbox>
			<xmin>499</xmin>
			<xmax>672</xmax>
			<ymin>438</ymin>
			<ymax>662</ymax>
		</bndbox>
	</object>
	<object>
		<name>starfish</name>
		<pose>Unspecified</pose>
		<truncated>0</truncated>
		<difficult>0</difficult>
		<occluded>0</occluded>
		<bndbox>
			<xmin>66</xmin>
			<xmax>434</xmax>
			<ymin>355</ymin>
			<ymax>578</ymax>
		</bndbox>
	</object>
	<object>
		<name>starfish</name>
		<pose>Unspecified</pose>
		<truncated>0</truncated>
		<difficult>0</difficult>
		<occluded>0</occluded>
		<bndbox>
			<xmin>2</xmin>
			<xmax>156</xmax>
			<ymin>742</ymin>
			<ymax>823</ymax>
		</bndbox>
	</object>
	<object>
		<name>starfish</name>
		<pose>Unspecified</pose>
		<truncated>0</truncated>
		<difficult>0</difficult>
		<occluded>0</occluded>
		<bndbox>
			<xmin>322</xmin>
			<xmax>498</xmax>
			<ymin>726</ymin>
			<ymax>788</ymax>
		</bndbox>
	</object>
</annotation>
