<annotation>
	<folder></folder>
	<filename>IMG_3132_jpeg_jpg.rf.bc9492bc4b33309ca664cc27baa03a1b.jpg</filename>
	<path>IMG_3132_jpeg_jpg.rf.bc9492bc4b33309ca664cc27baa03a1b.jpg</path>
	<source>
		<database>roboflow.ai</database>
	</source>
	<size>
		<width>768</width>
		<height>1024</height>
		<depth>3</depth>
	</size>
	<segmented>0</segmented>
	<object>
		<name>puffin</name>
		<pose>Unspecified</pose>
		<truncated>0</truncated>
		<difficult>0</difficult>
		<occluded>0</occluded>
		<bndbox>
			<xmin>270</xmin>
			<xmax>340</xmax>
			<ymin>260</ymin>
			<ymax>381</ymax>
		</bndbox>
	</object>
</annotation>
