<annotation>
	<folder></folder>
	<filename>IMG_2587_jpeg_jpg.rf.c0f1bbe427c9f29eaf89fed6f6d03471.jpg</filename>
	<path>IMG_2587_jpeg_jpg.rf.c0f1bbe427c9f29eaf89fed6f6d03471.jpg</path>
	<source>
		<database>roboflow.ai</database>
	</source>
	<size>
		<width>768</width>
		<height>1024</height>
		<depth>3</depth>
	</size>
	<segmented>0</segmented>
	<object>
		<name>stingray</name>
		<pose>Unspecified</pose>
		<truncated>0</truncated>
		<difficult>0</difficult>
		<occluded>0</occluded>
		<bndbox>
			<xmin>108</xmin>
			<xmax>370</xmax>
			<ymin>506</ymin>
			<ymax>621</ymax>
		</bndbox>
	</object>
	<object>
		<name>stingray</name>
		<pose>Unspecified</pose>
		<truncated>0</truncated>
		<difficult>0</difficult>
		<occluded>0</occluded>
		<bndbox>
			<xmin>380</xmin>
			<xmax>632</xmax>
			<ymin>465</ymin>
			<ymax>575</ymax>
		</bndbox>
	</object>
	<object>
		<name>stingray</name>
		<pose>Unspecified</pose>
		<truncated>0</truncated>
		<difficult>0</difficult>
		<occluded>0</occluded>
		<bndbox>
			<xmin>137</xmin>
			<xmax>451</xmax>
			<ymin>572</ymin>
			<ymax>726</ymax>
		</bndbox>
	</object>
</annotation>
