<annotation>
	<folder></folder>
	<filename>IMG_8512_MOV-4_jpg.rf.e879ecc625c150dfb308030a737ff9c5.jpg</filename>
	<path>IMG_8512_MOV-4_jpg.rf.e879ecc625c150dfb308030a737ff9c5.jpg</path>
	<source>
		<database>roboflow.ai</database>
	</source>
	<size>
		<width>1024</width>
		<height>576</height>
		<depth>3</depth>
	</size>
	<segmented>0</segmented>
	<object>
		<name>fish</name>
		<pose>Unspecified</pose>
		<truncated>0</truncated>
		<difficult>0</difficult>
		<occluded>0</occluded>
		<bndbox>
			<xmin>708</xmin>
			<xmax>962</xmax>
			<ymin>186</ymin>
			<ymax>280</ymax>
		</bndbox>
	</object>
</annotation>
