<annotation>
	<folder></folder>
	<filename>IMG_2529_jpeg_jpg.rf.16e64348ddac68d55ee82e98b0258080.jpg</filename>
	<path>IMG_2529_jpeg_jpg.rf.16e64348ddac68d55ee82e98b0258080.jpg</path>
	<source>
		<database>roboflow.ai</database>
	</source>
	<size>
		<width>768</width>
		<height>1024</height>
		<depth>3</depth>
	</size>
	<segmented>0</segmented>
	<object>
		<name>penguin</name>
		<pose>Unspecified</pose>
		<truncated>0</truncated>
		<difficult>0</difficult>
		<occluded>0</occluded>
		<bndbox>
			<xmin>68</xmin>
			<xmax>613</xmax>
			<ymin>559</ymin>
			<ymax>805</ymax>
		</bndbox>
	</object>
	<object>
		<name>penguin</name>
		<pose>Unspecified</pose>
		<truncated>0</truncated>
		<difficult>0</difficult>
		<occluded>0</occluded>
		<bndbox>
			<xmin>341</xmin>
			<xmax>652</xmax>
			<ymin>135</ymin>
			<ymax>318</ymax>
		</bndbox>
	</object>
	<object>
		<name>penguin</name>
		<pose>Unspecified</pose>
		<truncated>0</truncated>
		<difficult>0</difficult>
		<occluded>0</occluded>
		<bndbox>
			<xmin>49</xmin>
			<xmax>221</xmax>
			<ymin>184</ymin>
			<ymax>251</ymax>
		</bndbox>
	</object>
</annotation>
