<annotation>
	<folder></folder>
	<filename>IMG_2646_jpeg_jpg.rf.f128f9fb09439406d8dc2abb9a1b74c7.jpg</filename>
	<path>IMG_2646_jpeg_jpg.rf.f128f9fb09439406d8dc2abb9a1b74c7.jpg</path>
	<source>
		<database>roboflow.ai</database>
	</source>
	<size>
		<width>768</width>
		<height>1024</height>
		<depth>3</depth>
	</size>
	<segmented>0</segmented>
	<object>
		<name>stingray</name>
		<pose>Unspecified</pose>
		<truncated>0</truncated>
		<difficult>0</difficult>
		<occluded>0</occluded>
		<bndbox>
			<xmin>361</xmin>
			<xmax>415</xmax>
			<ymin>501</ymin>
			<ymax>610</ymax>
		</bndbox>
	</object>
</annotation>
