<annotation>
	<folder></folder>
	<filename>IMG_8493_jpg.rf.0f25b61a8d7ab12cbf5ae131582007d5.jpg</filename>
	<path>IMG_8493_jpg.rf.0f25b61a8d7ab12cbf5ae131582007d5.jpg</path>
	<source>
		<database>roboflow.ai</database>
	</source>
	<size>
		<width>1024</width>
		<height>768</height>
		<depth>3</depth>
	</size>
	<segmented>0</segmented>
	<object>
		<name>fish</name>
		<pose>Unspecified</pose>
		<truncated>0</truncated>
		<difficult>0</difficult>
		<occluded>0</occluded>
		<bndbox>
			<xmin>409</xmin>
			<xmax>501</xmax>
			<ymin>2</ymin>
			<ymax>485</ymax>
		</bndbox>
	</object>
	<object>
		<name>shark</name>
		<pose>Unspecified</pose>
		<truncated>0</truncated>
		<difficult>0</difficult>
		<occluded>0</occluded>
		<bndbox>
			<xmin>223</xmin>
			<xmax>379</xmax>
			<ymin>604</ymin>
			<ymax>755</ymax>
		</bndbox>
	</object>
	<object>
		<name>fish</name>
		<pose>Unspecified</pose>
		<truncated>0</truncated>
		<difficult>0</difficult>
		<occluded>0</occluded>
		<bndbox>
			<xmin>539</xmin>
			<xmax>641</xmax>
			<ymin>1</ymin>
			<ymax>361</ymax>
		</bndbox>
	</object>
</annotation>
