<annotation>
	<folder></folder>
	<filename>IMG_2625_jpeg_jpg.rf.049cfca5fa7da90878060904a452975d.jpg</filename>
	<path>IMG_2625_jpeg_jpg.rf.049cfca5fa7da90878060904a452975d.jpg</path>
	<source>
		<database>roboflow.ai</database>
	</source>
	<size>
		<width>768</width>
		<height>1024</height>
		<depth>3</depth>
	</size>
	<segmented>0</segmented>
	<object>
		<name>stingray</name>
		<pose>Unspecified</pose>
		<truncated>0</truncated>
		<difficult>0</difficult>
		<occluded>0</occluded>
		<bndbox>
			<xmin>201</xmin>
			<xmax>366</xmax>
			<ymin>323</ymin>
			<ymax>665</ymax>
		</bndbox>
	</object>
</annotation>
