<annotation>
	<folder></folder>
	<filename>IMG_3137_jpeg_jpg.rf.f066fa3a50b9e2b392c9889bc3caaff8.jpg</filename>
	<path>IMG_3137_jpeg_jpg.rf.f066fa3a50b9e2b392c9889bc3caaff8.jpg</path>
	<source>
		<database>roboflow.ai</database>
	</source>
	<size>
		<width>768</width>
		<height>1024</height>
		<depth>3</depth>
	</size>
	<segmented>0</segmented>
	<object>
		<name>puffin</name>
		<pose>Unspecified</pose>
		<truncated>0</truncated>
		<difficult>0</difficult>
		<occluded>0</occluded>
		<bndbox>
			<xmin>248</xmin>
			<xmax>494</xmax>
			<ymin>481</ymin>
			<ymax>712</ymax>
		</bndbox>
	</object>
	<object>
		<name>puffin</name>
		<pose>Unspecified</pose>
		<truncated>0</truncated>
		<difficult>0</difficult>
		<occluded>0</occluded>
		<bndbox>
			<xmin>73</xmin>
			<xmax>141</xmax>
			<ymin>85</ymin>
			<ymax>181</ymax>
		</bndbox>
	</object>
	<object>
		<name>puffin</name>
		<pose>Unspecified</pose>
		<truncated>0</truncated>
		<difficult>0</difficult>
		<occluded>0</occluded>
		<bndbox>
			<xmin>137</xmin>
			<xmax>233</xmax>
			<ymin>169</ymin>
			<ymax>269</ymax>
		</bndbox>
	</object>
</annotation>
