<annotation>
	<folder></folder>
	<filename>IMG_8572_MOV-0_jpg.rf.1a301d11ffdd3cb15653d44ea193ff1e.jpg</filename>
	<path>IMG_8572_MOV-0_jpg.rf.1a301d11ffdd3cb15653d44ea193ff1e.jpg</path>
	<source>
		<database>roboflow.ai</database>
	</source>
	<size>
		<width>576</width>
		<height>1024</height>
		<depth>3</depth>
	</size>
	<segmented>0</segmented>
	<object>
		<name>shark</name>
		<pose>Unspecified</pose>
		<truncated>0</truncated>
		<difficult>0</difficult>
		<occluded>0</occluded>
		<bndbox>
			<xmin>1</xmin>
			<xmax>425</xmax>
			<ymin>181</ymin>
			<ymax>435</ymax>
		</bndbox>
	</object>
</annotation>
