<annotation>
	<folder></folder>
	<filename>IMG_2328_jpeg_jpg.rf.ee3309e0a5ab09d96d9ed30bc1c1115f.jpg</filename>
	<path>IMG_2328_jpeg_jpg.rf.ee3309e0a5ab09d96d9ed30bc1c1115f.jpg</path>
	<source>
		<database>roboflow.ai</database>
	</source>
	<size>
		<width>768</width>
		<height>1024</height>
		<depth>3</depth>
	</size>
	<segmented>0</segmented>
	<object>
		<name>penguin</name>
		<pose>Unspecified</pose>
		<truncated>0</truncated>
		<difficult>0</difficult>
		<occluded>0</occluded>
		<bndbox>
			<xmin>296</xmin>
			<xmax>420</xmax>
			<ymin>578</ymin>
			<ymax>678</ymax>
		</bndbox>
	</object>
</annotation>
