<annotation>
	<folder></folder>
	<filename>IMG_2282_jpeg_jpg.rf.510f3bc14c3e0aa378b192199d01cae6.jpg</filename>
	<path>IMG_2282_jpeg_jpg.rf.510f3bc14c3e0aa378b192199d01cae6.jpg</path>
	<source>
		<database>roboflow.ai</database>
	</source>
	<size>
		<width>768</width>
		<height>1024</height>
		<depth>3</depth>
	</size>
	<segmented>0</segmented>
	<object>
		<name>puffin</name>
		<pose>Unspecified</pose>
		<truncated>0</truncated>
		<difficult>0</difficult>
		<occluded>0</occluded>
		<bndbox>
			<xmin>316</xmin>
			<xmax>606</xmax>
			<ymin>423</ymin>
			<ymax>568</ymax>
		</bndbox>
	</object>
</annotation>
