<annotation>
	<folder></folder>
	<filename>IMG_2285_jpeg_jpg.rf.4a93d99b9f0b6cccfb27bf2f4a13b99e.jpg</filename>
	<path>IMG_2285_jpeg_jpg.rf.4a93d99b9f0b6cccfb27bf2f4a13b99e.jpg</path>
	<source>
		<database>roboflow.ai</database>
	</source>
	<size>
		<width>768</width>
		<height>1024</height>
		<depth>3</depth>
	</size>
	<segmented>0</segmented>
	<object>
		<name>puffin</name>
		<pose>Unspecified</pose>
		<truncated>0</truncated>
		<difficult>0</difficult>
		<occluded>0</occluded>
		<bndbox>
			<xmin>191</xmin>
			<xmax>315</xmax>
			<ymin>309</ymin>
			<ymax>470</ymax>
		</bndbox>
	</object>
	<object>
		<name>puffin</name>
		<pose>Unspecified</pose>
		<truncated>0</truncated>
		<difficult>0</difficult>
		<occluded>0</occluded>
		<bndbox>
			<xmin>111</xmin>
			<xmax>184</xmax>
			<ymin>318</ymin>
			<ymax>463</ymax>
		</bndbox>
	</object>
	<object>
		<name>puffin</name>
		<pose>Unspecified</pose>
		<truncated>0</truncated>
		<difficult>0</difficult>
		<occluded>0</occluded>
		<bndbox>
			<xmin>385</xmin>
			<xmax>553</xmax>
			<ymin>341</ymin>
			<ymax>541</ymax>
		</bndbox>
	</object>
</annotation>
