<annotation>
	<folder></folder>
	<filename>IMG_2487_jpeg_jpg.rf.e2c008ecf06dc7f3159ab28903bc5275.jpg</filename>
	<path>IMG_2487_jpeg_jpg.rf.e2c008ecf06dc7f3159ab28903bc5275.jpg</path>
	<source>
		<database>roboflow.ai</database>
	</source>
	<size>
		<width>768</width>
		<height>1024</height>
		<depth>3</depth>
	</size>
	<segmented>0</segmented>
	<object>
		<name>jellyfish</name>
		<pose>Unspecified</pose>
		<truncated>0</truncated>
		<difficult>0</difficult>
		<occluded>0</occluded>
		<bndbox>
			<xmin>115</xmin>
			<xmax>316</xmax>
			<ymin>588</ymin>
			<ymax>733</ymax>
		</bndbox>
	</object>
	<object>
		<name>jellyfish</name>
		<pose>Unspecified</pose>
		<truncated>0</truncated>
		<difficult>0</difficult>
		<occluded>0</occluded>
		<bndbox>
			<xmin>363</xmin>
			<xmax>559</xmax>
			<ymin>674</ymin>
			<ymax>798</ymax>
		</bndbox>
	</object>
	<object>
		<name>jellyfish</name>
		<pose>Unspecified</pose>
		<truncated>0</truncated>
		<difficult>0</difficult>
		<occluded>0</occluded>
		<bndbox>
			<xmin>1</xmin>
			<xmax>160</xmax>
			<ymin>562</ymin>
			<ymax>682</ymax>
		</bndbox>
	</object>
	<object>
		<name>jellyfish</name>
		<pose>Unspecified</pose>
		<truncated>0</truncated>
		<difficult>0</difficult>
		<occluded>0</occluded>
		<bndbox>
			<xmin>212</xmin>
			<xmax>359</xmax>
			<ymin>380</ymin>
			<ymax>474</ymax>
		</bndbox>
	</object>
	<object>
		<name>jellyfish</name>
		<pose>Unspecified</pose>
		<truncated>0</truncated>
		<difficult>0</difficult>
		<occluded>0</occluded>
		<bndbox>
			<xmin>601</xmin>
			<xmax>690</xmax>
			<ymin>669</ymin>
			<ymax>743</ymax>
		</bndbox>
	</object>
	<object>
		<name>jellyfish</name>
		<pose>Unspecified</pose>
		<truncated>0</truncated>
		<difficult>0</difficult>
		<occluded>0</occluded>
		<bndbox>
			<xmin>498</xmin>
			<xmax>579</xmax>
			<ymin>571</ymin>
			<ymax>604</ymax>
		</bndbox>
	</object>
	<object>
		<name>jellyfish</name>
		<pose>Unspecified</pose>
		<truncated>0</truncated>
		<difficult>0</difficult>
		<occluded>0</occluded>
		<bndbox>
			<xmin>361</xmin>
			<xmax>438</xmax>
			<ymin>528</ymin>
			<ymax>594</ymax>
		</bndbox>
	</object>
</annotation>
