<annotation>
	<folder></folder>
	<filename>IMG_8486_jpg.rf.3000bc7c3b4d2df476eea138b9682116.jpg</filename>
	<path>IMG_8486_jpg.rf.3000bc7c3b4d2df476eea138b9682116.jpg</path>
	<source>
		<database>roboflow.ai</database>
	</source>
	<size>
		<width>1024</width>
		<height>768</height>
		<depth>3</depth>
	</size>
	<segmented>0</segmented>
	<object>
		<name>fish</name>
		<pose>Unspecified</pose>
		<truncated>0</truncated>
		<difficult>0</difficult>
		<occluded>0</occluded>
		<bndbox>
			<xmin>337</xmin>
			<xmax>546</xmax>
			<ymin>398</ymin>
			<ymax>518</ymax>
		</bndbox>
	</object>
	<object>
		<name>fish</name>
		<pose>Unspecified</pose>
		<truncated>0</truncated>
		<difficult>0</difficult>
		<occluded>0</occluded>
		<bndbox>
			<xmin>632</xmin>
			<xmax>742</xmax>
			<ymin>351</ymin>
			<ymax>425</ymax>
		</bndbox>
	</object>
	<object>
		<name>fish</name>
		<pose>Unspecified</pose>
		<truncated>0</truncated>
		<difficult>0</difficult>
		<occluded>0</occluded>
		<bndbox>
			<xmin>611</xmin>
			<xmax>737</xmax>
			<ymin>255</ymin>
			<ymax>296</ymax>
		</bndbox>
	</object>
</annotation>
