<annotation>
	<folder></folder>
	<filename>IMG_2471_jpeg_jpg.rf.80259312a2c1b317d5b48f1937e53a07.jpg</filename>
	<path>IMG_2471_jpeg_jpg.rf.80259312a2c1b317d5b48f1937e53a07.jpg</path>
	<source>
		<database>roboflow.ai</database>
	</source>
	<size>
		<width>768</width>
		<height>1024</height>
		<depth>3</depth>
	</size>
	<segmented>0</segmented>
	<object>
		<name>jellyfish</name>
		<pose>Unspecified</pose>
		<truncated>0</truncated>
		<difficult>0</difficult>
		<occluded>0</occluded>
		<bndbox>
			<xmin>194</xmin>
			<xmax>429</xmax>
			<ymin>116</ymin>
			<ymax>342</ymax>
		</bndbox>
	</object>
	<object>
		<name>jellyfish</name>
		<pose>Unspecified</pose>
		<truncated>0</truncated>
		<difficult>0</difficult>
		<occluded>0</occluded>
		<bndbox>
			<xmin>1</xmin>
			<xmax>127</xmax>
			<ymin>847</ymin>
			<ymax>1002</ymax>
		</bndbox>
	</object>
	<object>
		<name>jellyfish</name>
		<pose>Unspecified</pose>
		<truncated>0</truncated>
		<difficult>0</difficult>
		<occluded>0</occluded>
		<bndbox>
			<xmin>1</xmin>
			<xmax>97</xmax>
			<ymin>295</ymin>
			<ymax>445</ymax>
		</bndbox>
	</object>
	<object>
		<name>jellyfish</name>
		<pose>Unspecified</pose>
		<truncated>0</truncated>
		<difficult>0</difficult>
		<occluded>0</occluded>
		<bndbox>
			<xmin>439</xmin>
			<xmax>571</xmax>
			<ymin>763</ymin>
			<ymax>912</ymax>
		</bndbox>
	</object>
	<object>
		<name>jellyfish</name>
		<pose>Unspecified</pose>
		<truncated>0</truncated>
		<difficult>0</difficult>
		<occluded>0</occluded>
		<bndbox>
			<xmin>510</xmin>
			<xmax>624</xmax>
			<ymin>564</ymin>
			<ymax>703</ymax>
		</bndbox>
	</object>
	<object>
		<name>jellyfish</name>
		<pose>Unspecified</pose>
		<truncated>0</truncated>
		<difficult>0</difficult>
		<occluded>0</occluded>
		<bndbox>
			<xmin>513</xmin>
			<xmax>693</xmax>
			<ymin>256</ymin>
			<ymax>390</ymax>
		</bndbox>
	</object>
	<object>
		<name>jellyfish</name>
		<pose>Unspecified</pose>
		<truncated>0</truncated>
		<difficult>0</difficult>
		<occluded>0</occluded>
		<bndbox>
			<xmin>156</xmin>
			<xmax>347</xmax>
			<ymin>793</ymin>
			<ymax>923</ymax>
		</bndbox>
	</object>
	<object>
		<name>jellyfish</name>
		<pose>Unspecified</pose>
		<truncated>0</truncated>
		<difficult>0</difficult>
		<occluded>0</occluded>
		<bndbox>
			<xmin>1</xmin>
			<xmax>112</xmax>
			<ymin>564</ymin>
			<ymax>695</ymax>
		</bndbox>
	</object>
	<object>
		<name>jellyfish</name>
		<pose>Unspecified</pose>
		<truncated>0</truncated>
		<difficult>0</difficult>
		<occluded>0</occluded>
		<bndbox>
			<xmin>410</xmin>
			<xmax>514</xmax>
			<ymin>238</ymin>
			<ymax>361</ymax>
		</bndbox>
	</object>
	<object>
		<name>jellyfish</name>
		<pose>Unspecified</pose>
		<truncated>0</truncated>
		<difficult>0</difficult>
		<occluded>0</occluded>
		<bndbox>
			<xmin>541</xmin>
			<xmax>702</xmax>
			<ymin>340</ymin>
			<ymax>436</ymax>
		</bndbox>
	</object>
</annotation>
