<annotation>
	<folder></folder>
	<filename>IMG_8436_jpg.rf.52c9029581b507fd31669163ec5a8faf.jpg</filename>
	<path>IMG_8436_jpg.rf.52c9029581b507fd31669163ec5a8faf.jpg</path>
	<source>
		<database>roboflow.ai</database>
	</source>
	<size>
		<width>1024</width>
		<height>768</height>
		<depth>3</depth>
	</size>
	<segmented>0</segmented>
	<object>
		<name>stingray</name>
		<pose>Unspecified</pose>
		<truncated>0</truncated>
		<difficult>0</difficult>
		<occluded>0</occluded>
		<bndbox>
			<xmin>460</xmin>
			<xmax>685</xmax>
			<ymin>254</ymin>
			<ymax>606</ymax>
		</bndbox>
	</object>
	<object>
		<name>shark</name>
		<pose>Unspecified</pose>
		<truncated>0</truncated>
		<difficult>0</difficult>
		<occluded>0</occluded>
		<bndbox>
			<xmin>216</xmin>
			<xmax>340</xmax>
			<ymin>374</ymin>
			<ymax>495</ymax>
		</bndbox>
	</object>
	<object>
		<name>shark</name>
		<pose>Unspecified</pose>
		<truncated>0</truncated>
		<difficult>0</difficult>
		<occluded>0</occluded>
		<bndbox>
			<xmin>162</xmin>
			<xmax>244</xmax>
			<ymin>270</ymin>
			<ymax>667</ymax>
		</bndbox>
	</object>
</annotation>
