<annotation>
	<folder></folder>
	<filename>IMG_2370_jpeg_jpg.rf.d5bdf9d889fa01a687af0038c3ede236.jpg</filename>
	<path>IMG_2370_jpeg_jpg.rf.d5bdf9d889fa01a687af0038c3ede236.jpg</path>
	<source>
		<database>roboflow.ai</database>
	</source>
	<size>
		<width>768</width>
		<height>1024</height>
		<depth>3</depth>
	</size>
	<segmented>0</segmented>
	<object>
		<name>fish</name>
		<pose>Unspecified</pose>
		<truncated>0</truncated>
		<difficult>0</difficult>
		<occluded>0</occluded>
		<bndbox>
			<xmin>58</xmin>
			<xmax>583</xmax>
			<ymin>435</ymin>
			<ymax>619</ymax>
		</bndbox>
	</object>
	<object>
		<name>fish</name>
		<pose>Unspecified</pose>
		<truncated>0</truncated>
		<difficult>0</difficult>
		<occluded>0</occluded>
		<bndbox>
			<xmin>696</xmin>
			<xmax>768</xmax>
			<ymin>453</ymin>
			<ymax>537</ymax>
		</bndbox>
	</object>
</annotation>
