<annotation>
	<folder></folder>
	<filename>IMG_2314_jpeg_jpg.rf.5772ea6330e776b72648b7044aeeda06.jpg</filename>
	<path>IMG_2314_jpeg_jpg.rf.5772ea6330e776b72648b7044aeeda06.jpg</path>
	<source>
		<database>roboflow.ai</database>
	</source>
	<size>
		<width>768</width>
		<height>1024</height>
		<depth>3</depth>
	</size>
	<segmented>0</segmented>
	<object>
		<name>penguin</name>
		<pose>Unspecified</pose>
		<truncated>0</truncated>
		<difficult>0</difficult>
		<occluded>0</occluded>
		<bndbox>
			<xmin>51</xmin>
			<xmax>303</xmax>
			<ymin>757</ymin>
			<ymax>910</ymax>
		</bndbox>
	</object>
	<object>
		<name>penguin</name>
		<pose>Unspecified</pose>
		<truncated>0</truncated>
		<difficult>0</difficult>
		<occluded>0</occluded>
		<bndbox>
			<xmin>458</xmin>
			<xmax>579</xmax>
			<ymin>447</ymin>
			<ymax>567</ymax>
		</bndbox>
	</object>
	<object>
		<name>penguin</name>
		<pose>Unspecified</pose>
		<truncated>0</truncated>
		<difficult>0</difficult>
		<occluded>0</occluded>
		<bndbox>
			<xmin>333</xmin>
			<xmax>421</xmax>
			<ymin>243</ymin>
			<ymax>353</ymax>
		</bndbox>
	</object>
	<object>
		<name>penguin</name>
		<pose>Unspecified</pose>
		<truncated>0</truncated>
		<difficult>0</difficult>
		<occluded>0</occluded>
		<bndbox>
			<xmin>590</xmin>
			<xmax>641</xmax>
			<ymin>192</ymin>
			<ymax>256</ymax>
		</bndbox>
	</object>
	<object>
		<name>penguin</name>
		<pose>Unspecified</pose>
		<truncated>0</truncated>
		<difficult>0</difficult>
		<occluded>0</occluded>
		<bndbox>
			<xmin>474</xmin>
			<xmax>521</xmax>
			<ymin>203</ymin>
			<ymax>255</ymax>
		</bndbox>
	</object>
	<object>
		<name>penguin</name>
		<pose>Unspecified</pose>
		<truncated>0</truncated>
		<difficult>0</difficult>
		<occluded>0</occluded>
		<bndbox>
			<xmin>655</xmin>
			<xmax>685</xmax>
			<ymin>201</ymin>
			<ymax>250</ymax>
		</bndbox>
	</object>
	<object>
		<name>penguin</name>
		<pose>Unspecified</pose>
		<truncated>0</truncated>
		<difficult>0</difficult>
		<occluded>0</occluded>
		<bndbox>
			<xmin>728</xmin>
			<xmax>768</xmax>
			<ymin>192</ymin>
			<ymax>242</ymax>
		</bndbox>
	</object>
	<object>
		<name>penguin</name>
		<pose>Unspecified</pose>
		<truncated>0</truncated>
		<difficult>0</difficult>
		<occluded>0</occluded>
		<bndbox>
			<xmin>269</xmin>
			<xmax>405</xmax>
			<ymin>365</ymin>
			<ymax>409</ymax>
		</bndbox>
	</object>
	<object>
		<name>penguin</name>
		<pose>Unspecified</pose>
		<truncated>0</truncated>
		<difficult>0</difficult>
		<occluded>0</occluded>
		<bndbox>
			<xmin>679</xmin>
			<xmax>712</xmax>
			<ymin>215</ymin>
			<ymax>248</ymax>
		</bndbox>
	</object>
	<object>
		<name>penguin</name>
		<pose>Unspecified</pose>
		<truncated>0</truncated>
		<difficult>0</difficult>
		<occluded>0</occluded>
		<bndbox>
			<xmin>571</xmin>
			<xmax>593</xmax>
			<ymin>211</ymin>
			<ymax>241</ymax>
		</bndbox>
	</object>
	<object>
		<name>penguin</name>
		<pose>Unspecified</pose>
		<truncated>0</truncated>
		<difficult>0</difficult>
		<occluded>0</occluded>
		<bndbox>
			<xmin>529</xmin>
			<xmax>569</xmax>
			<ymin>217</ymin>
			<ymax>245</ymax>
		</bndbox>
	</object>
</annotation>
