<annotation>
	<folder></folder>
	<filename>IMG_3148_jpeg_jpg.rf.daef4a62da020f684a31336a19f54ee8.jpg</filename>
	<path>IMG_3148_jpeg_jpg.rf.daef4a62da020f684a31336a19f54ee8.jpg</path>
	<source>
		<database>roboflow.ai</database>
	</source>
	<size>
		<width>768</width>
		<height>1024</height>
		<depth>3</depth>
	</size>
	<segmented>0</segmented>
	<object>
		<name>puffin</name>
		<pose>Unspecified</pose>
		<truncated>0</truncated>
		<difficult>0</difficult>
		<occluded>0</occluded>
		<bndbox>
			<xmin>1</xmin>
			<xmax>768</xmax>
			<ymin>206</ymin>
			<ymax>861</ymax>
		</bndbox>
	</object>
	<object>
		<name>puffin</name>
		<pose>Unspecified</pose>
		<truncated>0</truncated>
		<difficult>0</difficult>
		<occluded>0</occluded>
		<bndbox>
			<xmin>461</xmin>
			<xmax>534</xmax>
			<ymin>302</ymin>
			<ymax>390</ymax>
		</bndbox>
	</object>
	<object>
		<name>puffin</name>
		<pose>Unspecified</pose>
		<truncated>0</truncated>
		<difficult>0</difficult>
		<occluded>0</occluded>
		<bndbox>
			<xmin>406</xmin>
			<xmax>465</xmax>
			<ymin>273</ymin>
			<ymax>358</ymax>
		</bndbox>
	</object>
</annotation>
