<annotation>
	<folder></folder>
	<filename>IMG_2382_jpeg_jpg.rf.b431ad0ed94761ef82281dbe844170cc.jpg</filename>
	<path>IMG_2382_jpeg_jpg.rf.b431ad0ed94761ef82281dbe844170cc.jpg</path>
	<source>
		<database>roboflow.ai</database>
	</source>
	<size>
		<width>768</width>
		<height>1024</height>
		<depth>3</depth>
	</size>
	<segmented>0</segmented>
	<object>
		<name>fish</name>
		<pose>Unspecified</pose>
		<truncated>0</truncated>
		<difficult>0</difficult>
		<occluded>0</occluded>
		<bndbox>
			<xmin>93</xmin>
			<xmax>730</xmax>
			<ymin>382</ymin>
			<ymax>710</ymax>
		</bndbox>
	</object>
</annotation>
