<annotation>
	<folder></folder>
	<filename>IMG_2518_jpeg_jpg.rf.5f4e0d8f980eaa632ff94853995eff9e.jpg</filename>
	<path>IMG_2518_jpeg_jpg.rf.5f4e0d8f980eaa632ff94853995eff9e.jpg</path>
	<source>
		<database>roboflow.ai</database>
	</source>
	<size>
		<width>768</width>
		<height>1024</height>
		<depth>3</depth>
	</size>
	<segmented>0</segmented>
	<object>
		<name>shark</name>
		<pose>Unspecified</pose>
		<truncated>0</truncated>
		<difficult>0</difficult>
		<occluded>0</occluded>
		<bndbox>
			<xmin>338</xmin>
			<xmax>714</xmax>
			<ymin>261</ymin>
			<ymax>435</ymax>
		</bndbox>
	</object>
	<object>
		<name>shark</name>
		<pose>Unspecified</pose>
		<truncated>0</truncated>
		<difficult>0</difficult>
		<occluded>0</occluded>
		<bndbox>
			<xmin>107</xmin>
			<xmax>404</xmax>
			<ymin>624</ymin>
			<ymax>778</ymax>
		</bndbox>
	</object>
</annotation>
