<annotation>
	<folder></folder>
	<filename>IMG_2538_jpeg_jpg.rf.7116cb3e914a23960371143381cd5e15.jpg</filename>
	<path>IMG_2538_jpeg_jpg.rf.7116cb3e914a23960371143381cd5e15.jpg</path>
	<source>
		<database>roboflow.ai</database>
	</source>
	<size>
		<width>768</width>
		<height>1024</height>
		<depth>3</depth>
	</size>
	<segmented>0</segmented>
	<object>
		<name>starfish</name>
		<pose>Unspecified</pose>
		<truncated>0</truncated>
		<difficult>0</difficult>
		<occluded>0</occluded>
		<bndbox>
			<xmin>267</xmin>
			<xmax>470</xmax>
			<ymin>105</ymin>
			<ymax>371</ymax>
		</bndbox>
	</object>
	<object>
		<name>starfish</name>
		<pose>Unspecified</pose>
		<truncated>0</truncated>
		<difficult>0</difficult>
		<occluded>0</occluded>
		<bndbox>
			<xmin>370</xmin>
			<xmax>508</xmax>
			<ymin>707</ymin>
			<ymax>892</ymax>
		</bndbox>
	</object>
</annotation>
