<annotation>
	<folder></folder>
	<filename>IMG_2619_jpeg_jpg.rf.62b48e73de77f2d89e512df79ebb3041.jpg</filename>
	<path>IMG_2619_jpeg_jpg.rf.62b48e73de77f2d89e512df79ebb3041.jpg</path>
	<source>
		<database>roboflow.ai</database>
	</source>
	<size>
		<width>768</width>
		<height>1024</height>
		<depth>3</depth>
	</size>
	<segmented>0</segmented>
	<object>
		<name>stingray</name>
		<pose>Unspecified</pose>
		<truncated>0</truncated>
		<difficult>0</difficult>
		<occluded>0</occluded>
		<bndbox>
			<xmin>217</xmin>
			<xmax>558</xmax>
			<ymin>391</ymin>
			<ymax>509</ymax>
		</bndbox>
	</object>
	<object>
		<name>fish</name>
		<pose>Unspecified</pose>
		<truncated>0</truncated>
		<difficult>0</difficult>
		<occluded>0</occluded>
		<bndbox>
			<xmin>298</xmin>
			<xmax>389</xmax>
			<ymin>675</ymin>
			<ymax>723</ymax>
		</bndbox>
	</object>
</annotation>
