<annotation>
	<folder></folder>
	<filename>IMG_2429_jpeg_jpg.rf.a587ba43a6cf6d5e0f42cd295650dcb0.jpg</filename>
	<path>IMG_2429_jpeg_jpg.rf.a587ba43a6cf6d5e0f42cd295650dcb0.jpg</path>
	<source>
		<database>roboflow.ai</database>
	</source>
	<size>
		<width>768</width>
		<height>1024</height>
		<depth>3</depth>
	</size>
	<segmented>0</segmented>
	<object>
		<name>shark</name>
		<pose>Unspecified</pose>
		<truncated>0</truncated>
		<difficult>0</difficult>
		<occluded>0</occluded>
		<bndbox>
			<xmin>130</xmin>
			<xmax>768</xmax>
			<ymin>417</ymin>
			<ymax>854</ymax>
		</bndbox>
	</object>
	<object>
		<name>fish</name>
		<pose>Unspecified</pose>
		<truncated>0</truncated>
		<difficult>0</difficult>
		<occluded>0</occluded>
		<bndbox>
			<xmin>323</xmin>
			<xmax>531</xmax>
			<ymin>878</ymin>
			<ymax>1021</ymax>
		</bndbox>
	</object>
	<object>
		<name>fish</name>
		<pose>Unspecified</pose>
		<truncated>0</truncated>
		<difficult>0</difficult>
		<occluded>0</occluded>
		<bndbox>
			<xmin>1</xmin>
			<xmax>86</xmax>
			<ymin>820</ymin>
			<ymax>900</ymax>
		</bndbox>
	</object>
	<object>
		<name>fish</name>
		<pose>Unspecified</pose>
		<truncated>0</truncated>
		<difficult>0</difficult>
		<occluded>0</occluded>
		<bndbox>
			<xmin>143</xmin>
			<xmax>186</xmax>
			<ymin>379</ymin>
			<ymax>449</ymax>
		</bndbox>
	</object>
</annotation>
