<annotation>
	<folder></folder>
	<filename>IMG_8500_jpg.rf.95c3f3780b381dea7a27e2042ecea9c6.jpg</filename>
	<path>IMG_8500_jpg.rf.95c3f3780b381dea7a27e2042ecea9c6.jpg</path>
	<source>
		<database>roboflow.ai</database>
	</source>
	<size>
		<width>1024</width>
		<height>768</height>
		<depth>3</depth>
	</size>
	<segmented>0</segmented>
	<object>
		<name>fish</name>
		<pose>Unspecified</pose>
		<truncated>0</truncated>
		<difficult>0</difficult>
		<occluded>0</occluded>
		<bndbox>
			<xmin>491</xmin>
			<xmax>673</xmax>
			<ymin>29</ymin>
			<ymax>141</ymax>
		</bndbox>
	</object>
	<object>
		<name>fish</name>
		<pose>Unspecified</pose>
		<truncated>0</truncated>
		<difficult>0</difficult>
		<occluded>0</occluded>
		<bndbox>
			<xmin>156</xmin>
			<xmax>231</xmax>
			<ymin>664</ymin>
			<ymax>690</ymax>
		</bndbox>
	</object>
</annotation>
