<annotation>
	<folder></folder>
	<filename>IMG_3155_jpeg_jpg.rf.126609905e993daff169f85e1846a21e.jpg</filename>
	<path>IMG_3155_jpeg_jpg.rf.126609905e993daff169f85e1846a21e.jpg</path>
	<source>
		<database>roboflow.ai</database>
	</source>
	<size>
		<width>768</width>
		<height>1024</height>
		<depth>3</depth>
	</size>
	<segmented>0</segmented>
	<object>
		<name>puffin</name>
		<pose>Unspecified</pose>
		<truncated>0</truncated>
		<difficult>0</difficult>
		<occluded>0</occluded>
		<bndbox>
			<xmin>329</xmin>
			<xmax>493</xmax>
			<ymin>495</ymin>
			<ymax>695</ymax>
		</bndbox>
	</object>
	<object>
		<name>fish</name>
		<pose>Unspecified</pose>
		<truncated>0</truncated>
		<difficult>0</difficult>
		<occluded>0</occluded>
		<bndbox>
			<xmin>433</xmin>
			<xmax>550</xmax>
			<ymin>167</ymin>
			<ymax>242</ymax>
		</bndbox>
	</object>
</annotation>
