<annotation>
	<folder></folder>
	<filename>IMG_2648_jpeg_jpg.rf.122267403ea0ae066f642e62434ef2e3.jpg</filename>
	<path>IMG_2648_jpeg_jpg.rf.122267403ea0ae066f642e62434ef2e3.jpg</path>
	<source>
		<database>roboflow.ai</database>
	</source>
	<size>
		<width>768</width>
		<height>1024</height>
		<depth>3</depth>
	</size>
	<segmented>0</segmented>
	<object>
		<name>stingray</name>
		<pose>Unspecified</pose>
		<truncated>0</truncated>
		<difficult>0</difficult>
		<occluded>0</occluded>
		<bndbox>
			<xmin>446</xmin>
			<xmax>640</xmax>
			<ymin>484</ymin>
			<ymax>617</ymax>
		</bndbox>
	</object>
	<object>
		<name>stingray</name>
		<pose>Unspecified</pose>
		<truncated>0</truncated>
		<difficult>0</difficult>
		<occluded>0</occluded>
		<bndbox>
			<xmin>231</xmin>
			<xmax>362</xmax>
			<ymin>473</ymin>
			<ymax>560</ymax>
		</bndbox>
	</object>
</annotation>
