<annotation>
	<folder></folder>
	<filename>IMG_2324_jpeg_jpg.rf.1f5efa1adc71c46d5037bdcd281056b9.jpg</filename>
	<path>IMG_2324_jpeg_jpg.rf.1f5efa1adc71c46d5037bdcd281056b9.jpg</path>
	<source>
		<database>roboflow.ai</database>
	</source>
	<size>
		<width>768</width>
		<height>1024</height>
		<depth>3</depth>
	</size>
	<segmented>0</segmented>
	<object>
		<name>penguin</name>
		<pose>Unspecified</pose>
		<truncated>0</truncated>
		<difficult>0</difficult>
		<occluded>0</occluded>
		<bndbox>
			<xmin>488</xmin>
			<xmax>768</xmax>
			<ymin>446</ymin>
			<ymax>586</ymax>
		</bndbox>
	</object>
	<object>
		<name>penguin</name>
		<pose>Unspecified</pose>
		<truncated>0</truncated>
		<difficult>0</difficult>
		<occluded>0</occluded>
		<bndbox>
			<xmin>30</xmin>
			<xmax>230</xmax>
			<ymin>502</ymin>
			<ymax>571</ymax>
		</bndbox>
	</object>
</annotation>
