<annotation>
	<folder></folder>
	<filename>IMG_2654_jpeg_jpg.rf.8c0b3ca2c7f729e5733f4d2f7bf9c693.jpg</filename>
	<path>IMG_2654_jpeg_jpg.rf.8c0b3ca2c7f729e5733f4d2f7bf9c693.jpg</path>
	<source>
		<database>roboflow.ai</database>
	</source>
	<size>
		<width>768</width>
		<height>1024</height>
		<depth>3</depth>
	</size>
	<segmented>0</segmented>
	<object>
		<name>stingray</name>
		<pose>Unspecified</pose>
		<truncated>0</truncated>
		<difficult>0</difficult>
		<occluded>0</occluded>
		<bndbox>
			<xmin>227</xmin>
			<xmax>376</xmax>
			<ymin>366</ymin>
			<ymax>501</ymax>
		</bndbox>
	</object>
	<object>
		<name>fish</name>
		<pose>Unspecified</pose>
		<truncated>0</truncated>
		<difficult>0</difficult>
		<occluded>0</occluded>
		<bndbox>
			<xmin>463</xmin>
			<xmax>510</xmax>
			<ymin>922</ymin>
			<ymax>985</ymax>
		</bndbox>
	</object>
	<object>
		<name>fish</name>
		<pose>Unspecified</pose>
		<truncated>0</truncated>
		<difficult>0</difficult>
		<occluded>0</occluded>
		<bndbox>
			<xmin>313</xmin>
			<xmax>407</xmax>
			<ymin>978</ymin>
			<ymax>1024</ymax>
		</bndbox>
	</object>
	<object>
		<name>stingray</name>
		<pose>Unspecified</pose>
		<truncated>0</truncated>
		<difficult>0</difficult>
		<occluded>0</occluded>
		<bndbox>
			<xmin>213</xmin>
			<xmax>368</xmax>
			<ymin>58</ymin>
			<ymax>209</ymax>
		</bndbox>
	</object>
</annotation>
