<annotation>
	<folder></folder>
	<filename>IMG_2497_jpeg_jpg.rf.ab5601591a6d9d4db72d08c480454253.jpg</filename>
	<path>IMG_2497_jpeg_jpg.rf.ab5601591a6d9d4db72d08c480454253.jpg</path>
	<source>
		<database>roboflow.ai</database>
	</source>
	<size>
		<width>768</width>
		<height>1024</height>
		<depth>3</depth>
	</size>
	<segmented>0</segmented>
	<object>
		<name>shark</name>
		<pose>Unspecified</pose>
		<truncated>0</truncated>
		<difficult>0</difficult>
		<occluded>0</occluded>
		<bndbox>
			<xmin>115</xmin>
			<xmax>572</xmax>
			<ymin>349</ymin>
			<ymax>651</ymax>
		</bndbox>
	</object>
	<object>
		<name>fish</name>
		<pose>Unspecified</pose>
		<truncated>0</truncated>
		<difficult>0</difficult>
		<occluded>0</occluded>
		<bndbox>
			<xmin>97</xmin>
			<xmax>410</xmax>
			<ymin>865</ymin>
			<ymax>1010</ymax>
		</bndbox>
	</object>
	<object>
		<name>fish</name>
		<pose>Unspecified</pose>
		<truncated>0</truncated>
		<difficult>0</difficult>
		<occluded>0</occluded>
		<bndbox>
			<xmin>716</xmin>
			<xmax>769</xmax>
			<ymin>29</ymin>
			<ymax>103</ymax>
		</bndbox>
	</object>
	<object>
		<name>fish</name>
		<pose>Unspecified</pose>
		<truncated>0</truncated>
		<difficult>0</difficult>
		<occluded>0</occluded>
		<bndbox>
			<xmin>531</xmin>
			<xmax>612</xmax>
			<ymin>422</ymin>
			<ymax>471</ymax>
		</bndbox>
	</object>
</annotation>
