<annotation>
	<folder></folder>
	<filename>IMG_3130_jpeg_jpg.rf.b5b8d070c7b00dfecaf0564973e1f927.jpg</filename>
	<path>IMG_3130_jpeg_jpg.rf.b5b8d070c7b00dfecaf0564973e1f927.jpg</path>
	<source>
		<database>roboflow.ai</database>
	</source>
	<size>
		<width>768</width>
		<height>1024</height>
		<depth>3</depth>
	</size>
	<segmented>0</segmented>
	<object>
		<name>puffin</name>
		<pose>Unspecified</pose>
		<truncated>0</truncated>
		<difficult>0</difficult>
		<occluded>0</occluded>
		<bndbox>
			<xmin>170</xmin>
			<xmax>331</xmax>
			<ymin>275</ymin>
			<ymax>445</ymax>
		</bndbox>
	</object>
	<object>
		<name>puffin</name>
		<pose>Unspecified</pose>
		<truncated>0</truncated>
		<difficult>0</difficult>
		<occluded>0</occluded>
		<bndbox>
			<xmin>566</xmin>
			<xmax>635</xmax>
			<ymin>288</ymin>
			<ymax>389</ymax>
		</bndbox>
	</object>
	<object>
		<name>puffin</name>
		<pose>Unspecified</pose>
		<truncated>0</truncated>
		<difficult>0</difficult>
		<occluded>0</occluded>
		<bndbox>
			<xmin>600</xmin>
			<xmax>654</xmax>
			<ymin>280</ymin>
			<ymax>361</ymax>
		</bndbox>
	</object>
	<object>
		<name>puffin</name>
		<pose>Unspecified</pose>
		<truncated>0</truncated>
		<difficult>0</difficult>
		<occluded>0</occluded>
		<bndbox>
			<xmin>416</xmin>
			<xmax>461</xmax>
			<ymin>252</ymin>
			<ymax>314</ymax>
		</bndbox>
	</object>
	<object>
		<name>puffin</name>
		<pose>Unspecified</pose>
		<truncated>0</truncated>
		<difficult>0</difficult>
		<occluded>0</occluded>
		<bndbox>
			<xmin>483</xmin>
			<xmax>553</xmax>
			<ymin>323</ymin>
			<ymax>379</ymax>
		</bndbox>
	</object>
</annotation>
