<annotation>
	<folder></folder>
	<filename>IMG_8578_MOV-2_jpg.rf.2e5101d836971fa36cc0876c718069bb.jpg</filename>
	<path>IMG_8578_MOV-2_jpg.rf.2e5101d836971fa36cc0876c718069bb.jpg</path>
	<source>
		<database>roboflow.ai</database>
	</source>
	<size>
		<width>1024</width>
		<height>576</height>
		<depth>3</depth>
	</size>
	<segmented>0</segmented>
	<object>
		<name>fish</name>
		<pose>Unspecified</pose>
		<truncated>0</truncated>
		<difficult>0</difficult>
		<occluded>0</occluded>
		<bndbox>
			<xmin>177</xmin>
			<xmax>714</xmax>
			<ymin>197</ymin>
			<ymax>419</ymax>
		</bndbox>
	</object>
	<object>
		<name>fish</name>
		<pose>Unspecified</pose>
		<truncated>0</truncated>
		<difficult>0</difficult>
		<occluded>0</occluded>
		<bndbox>
			<xmin>2</xmin>
			<xmax>382</xmax>
			<ymin>77</ymin>
			<ymax>243</ymax>
		</bndbox>
	</object>
</annotation>
