<annotation>
	<folder></folder>
	<filename>IMG_2338_jpeg_jpg.rf.e7ed2b02a8b79ecfbf78d943ab27d48c.jpg</filename>
	<path>IMG_2338_jpeg_jpg.rf.e7ed2b02a8b79ecfbf78d943ab27d48c.jpg</path>
	<source>
		<database>roboflow.ai</database>
	</source>
	<size>
		<width>768</width>
		<height>1024</height>
		<depth>3</depth>
	</size>
	<segmented>0</segmented>
	<object>
		<name>penguin</name>
		<pose>Unspecified</pose>
		<truncated>0</truncated>
		<difficult>0</difficult>
		<occluded>0</occluded>
		<bndbox>
			<xmin>2</xmin>
			<xmax>530</xmax>
			<ymin>624</ymin>
			<ymax>873</ymax>
		</bndbox>
	</object>
	<object>
		<name>penguin</name>
		<pose>Unspecified</pose>
		<truncated>0</truncated>
		<difficult>0</difficult>
		<occluded>0</occluded>
		<bndbox>
			<xmin>194</xmin>
			<xmax>574</xmax>
			<ymin>103</ymin>
			<ymax>213</ymax>
		</bndbox>
	</object>
</annotation>
