<annotation>
	<folder></folder>
	<filename>IMG_2309_jpeg_jpg.rf.088f73ff0b07c30ce6212eb4e3013708.jpg</filename>
	<path>IMG_2309_jpeg_jpg.rf.088f73ff0b07c30ce6212eb4e3013708.jpg</path>
	<source>
		<database>roboflow.ai</database>
	</source>
	<size>
		<width>768</width>
		<height>1024</height>
		<depth>3</depth>
	</size>
	<segmented>0</segmented>
	<object>
		<name>penguin</name>
		<pose>Unspecified</pose>
		<truncated>0</truncated>
		<difficult>0</difficult>
		<occluded>0</occluded>
		<bndbox>
			<xmin>279</xmin>
			<xmax>503</xmax>
			<ymin>462</ymin>
			<ymax>529</ymax>
		</bndbox>
	</object>
</annotation>
