<annotation>
	<folder></folder>
	<filename>IMG_3121_jpeg_jpg.rf.0868c7d1a4e32a0ca167c247eefea800.jpg</filename>
	<path>IMG_3121_jpeg_jpg.rf.0868c7d1a4e32a0ca167c247eefea800.jpg</path>
	<source>
		<database>roboflow.ai</database>
	</source>
	<size>
		<width>768</width>
		<height>1024</height>
		<depth>3</depth>
	</size>
	<segmented>0</segmented>
	<object>
		<name>starfish</name>
		<pose>Unspecified</pose>
		<truncated>0</truncated>
		<difficult>0</difficult>
		<occluded>0</occluded>
		<bndbox>
			<xmin>128</xmin>
			<xmax>533</xmax>
			<ymin>366</ymin>
			<ymax>698</ymax>
		</bndbox>
	</object>
	<object>
		<name>starfish</name>
		<pose>Unspecified</pose>
		<truncated>0</truncated>
		<difficult>0</difficult>
		<occluded>0</occluded>
		<bndbox>
			<xmin>1</xmin>
			<xmax>191</xmax>
			<ymin>245</ymin>
			<ymax>335</ymax>
		</bndbox>
	</object>
</annotation>
