<annotation>
	<folder></folder>
	<filename>IMG_8319_jpg.rf.d9c66db153b1293af6ce36c1e4f6455c.jpg</filename>
	<path>IMG_8319_jpg.rf.d9c66db153b1293af6ce36c1e4f6455c.jpg</path>
	<source>
		<database>roboflow.ai</database>
	</source>
	<size>
		<width>1024</width>
		<height>768</height>
		<depth>3</depth>
	</size>
	<segmented>0</segmented>
	<object>
		<name>fish</name>
		<pose>Unspecified</pose>
		<truncated>0</truncated>
		<difficult>0</difficult>
		<occluded>0</occluded>
		<bndbox>
			<xmin>130</xmin>
			<xmax>411</xmax>
			<ymin>149</ymin>
			<ymax>576</ymax>
		</bndbox>
	</object>
</annotation>
