<annotation>
	<folder></folder>
	<filename>IMG_2594_jpeg_jpg.rf.40698b5028ec7d9443d65a38b58bec42.jpg</filename>
	<path>IMG_2594_jpeg_jpg.rf.40698b5028ec7d9443d65a38b58bec42.jpg</path>
	<source>
		<database>roboflow.ai</database>
	</source>
	<size>
		<width>768</width>
		<height>1024</height>
		<depth>3</depth>
	</size>
	<segmented>0</segmented>
	<object>
		<name>stingray</name>
		<pose>Unspecified</pose>
		<truncated>0</truncated>
		<difficult>0</difficult>
		<occluded>0</occluded>
		<bndbox>
			<xmin>586</xmin>
			<xmax>768</xmax>
			<ymin>579</ymin>
			<ymax>896</ymax>
		</bndbox>
	</object>
	<object>
		<name>stingray</name>
		<pose>Unspecified</pose>
		<truncated>0</truncated>
		<difficult>0</difficult>
		<occluded>0</occluded>
		<bndbox>
			<xmin>68</xmin>
			<xmax>555</xmax>
			<ymin>536</ymin>
			<ymax>789</ymax>
		</bndbox>
	</object>
	<object>
		<name>stingray</name>
		<pose>Unspecified</pose>
		<truncated>0</truncated>
		<difficult>0</difficult>
		<occluded>0</occluded>
		<bndbox>
			<xmin>574</xmin>
			<xmax>769</xmax>
			<ymin>126</ymin>
			<ymax>213</ymax>
		</bndbox>
	</object>
	<object>
		<name>shark</name>
		<pose>Unspecified</pose>
		<truncated>0</truncated>
		<difficult>0</difficult>
		<occluded>0</occluded>
		<bndbox>
			<xmin>3</xmin>
			<xmax>307</xmax>
			<ymin>323</ymin>
			<ymax>605</ymax>
		</bndbox>
	</object>
</annotation>
