<annotation>
	<folder></folder>
	<filename>IMG_2612_jpeg_jpg.rf.4d3cb56bf5e65d1f8478142104a25cfb.jpg</filename>
	<path>IMG_2612_jpeg_jpg.rf.4d3cb56bf5e65d1f8478142104a25cfb.jpg</path>
	<source>
		<database>roboflow.ai</database>
	</source>
	<size>
		<width>768</width>
		<height>1024</height>
		<depth>3</depth>
	</size>
	<segmented>0</segmented>
	<object>
		<name>stingray</name>
		<pose>Unspecified</pose>
		<truncated>0</truncated>
		<difficult>0</difficult>
		<occluded>0</occluded>
		<bndbox>
			<xmin>192</xmin>
			<xmax>466</xmax>
			<ymin>382</ymin>
			<ymax>745</ymax>
		</bndbox>
	</object>
	<object>
		<name>shark</name>
		<pose>Unspecified</pose>
		<truncated>0</truncated>
		<difficult>0</difficult>
		<occluded>0</occluded>
		<bndbox>
			<xmin>1</xmin>
			<xmax>768</xmax>
			<ymin>1</ymin>
			<ymax>144</ymax>
		</bndbox>
	</object>
	<object>
		<name>fish</name>
		<pose>Unspecified</pose>
		<truncated>0</truncated>
		<difficult>0</difficult>
		<occluded>0</occluded>
		<bndbox>
			<xmin>66</xmin>
			<xmax>218</xmax>
			<ymin>411</ymin>
			<ymax>534</ymax>
		</bndbox>
	</object>
	<object>
		<name>fish</name>
		<pose>Unspecified</pose>
		<truncated>0</truncated>
		<difficult>0</difficult>
		<occluded>0</occluded>
		<bndbox>
			<xmin>514</xmin>
			<xmax>662</xmax>
			<ymin>829</ymin>
			<ymax>910</ymax>
		</bndbox>
	</object>
</annotation>
