<annotation>
	<folder></folder>
	<filename>IMG_8517_MOV-3_jpg.rf.b6e2c680f3adfbedfe5b1bbed3920bb7.jpg</filename>
	<path>IMG_8517_MOV-3_jpg.rf.b6e2c680f3adfbedfe5b1bbed3920bb7.jpg</path>
	<source>
		<database>roboflow.ai</database>
	</source>
	<size>
		<width>1024</width>
		<height>576</height>
		<depth>3</depth>
	</size>
	<segmented>0</segmented>
	<object>
		<name>fish</name>
		<pose>Unspecified</pose>
		<truncated>0</truncated>
		<difficult>0</difficult>
		<occluded>0</occluded>
		<bndbox>
			<xmin>713</xmin>
			<xmax>959</xmax>
			<ymin>101</ymin>
			<ymax>241</ymax>
		</bndbox>
	</object>
	<object>
		<name>fish</name>
		<pose>Unspecified</pose>
		<truncated>0</truncated>
		<difficult>0</difficult>
		<occluded>0</occluded>
		<bndbox>
			<xmin>781</xmin>
			<xmax>912</xmax>
			<ymin>288</ymin>
			<ymax>390</ymax>
		</bndbox>
	</object>
	<object>
		<name>fish</name>
		<pose>Unspecified</pose>
		<truncated>0</truncated>
		<difficult>0</difficult>
		<occluded>0</occluded>
		<bndbox>
			<xmin>1</xmin>
			<xmax>95</xmax>
			<ymin>157</ymin>
			<ymax>229</ymax>
		</bndbox>
	</object>
	<object>
		<name>fish</name>
		<pose>Unspecified</pose>
		<truncated>0</truncated>
		<difficult>0</difficult>
		<occluded>0</occluded>
		<bndbox>
			<xmin>484</xmin>
			<xmax>743</xmax>
			<ymin>240</ymin>
			<ymax>397</ymax>
		</bndbox>
	</object>
</annotation>
