<annotation>
	<folder></folder>
	<filename>IMG_2610_jpeg_jpg.rf.4d5cf5cfdceb7dee102fe730fc1f6776.jpg</filename>
	<path>IMG_2610_jpeg_jpg.rf.4d5cf5cfdceb7dee102fe730fc1f6776.jpg</path>
	<source>
		<database>roboflow.ai</database>
	</source>
	<size>
		<width>768</width>
		<height>1024</height>
		<depth>3</depth>
	</size>
	<segmented>0</segmented>
	<object>
		<name>starfish</name>
		<pose>Unspecified</pose>
		<truncated>0</truncated>
		<difficult>0</difficult>
		<occluded>0</occluded>
		<bndbox>
			<xmin>292</xmin>
			<xmax>520</xmax>
			<ymin>343</ymin>
			<ymax>641</ymax>
		</bndbox>
	</object>
</annotation>
