<annotation>
	<folder></folder>
	<filename>IMG_8397_jpg.rf.80dfe9d2e5569e3e4355921014da1580.jpg</filename>
	<path>IMG_8397_jpg.rf.80dfe9d2e5569e3e4355921014da1580.jpg</path>
	<source>
		<database>roboflow.ai</database>
	</source>
	<size>
		<width>1024</width>
		<height>768</height>
		<depth>3</depth>
	</size>
	<segmented>0</segmented>
	<object>
		<name>shark</name>
		<pose>Unspecified</pose>
		<truncated>0</truncated>
		<difficult>0</difficult>
		<occluded>0</occluded>
		<bndbox>
			<xmin>606</xmin>
			<xmax>705</xmax>
			<ymin>120</ymin>
			<ymax>396</ymax>
		</bndbox>
	</object>
	<object>
		<name>shark</name>
		<pose>Unspecified</pose>
		<truncated>0</truncated>
		<difficult>0</difficult>
		<occluded>0</occluded>
		<bndbox>
			<xmin>458</xmin>
			<xmax>571</xmax>
			<ymin>224</ymin>
			<ymax>449</ymax>
		</bndbox>
	</object>
	<object>
		<name>shark</name>
		<pose>Unspecified</pose>
		<truncated>0</truncated>
		<difficult>0</difficult>
		<occluded>0</occluded>
		<bndbox>
			<xmin>451</xmin>
			<xmax>540</xmax>
			<ymin>1</ymin>
			<ymax>147</ymax>
		</bndbox>
	</object>
	<object>
		<name>shark</name>
		<pose>Unspecified</pose>
		<truncated>0</truncated>
		<difficult>0</difficult>
		<occluded>0</occluded>
		<bndbox>
			<xmin>245</xmin>
			<xmax>473</xmax>
			<ymin>447</ymin>
			<ymax>584</ymax>
		</bndbox>
	</object>
	<object>
		<name>shark</name>
		<pose>Unspecified</pose>
		<truncated>0</truncated>
		<difficult>0</difficult>
		<occluded>0</occluded>
		<bndbox>
			<xmin>590</xmin>
			<xmax>657</xmax>
			<ymin>1</ymin>
			<ymax>79</ymax>
		</bndbox>
	</object>
	<object>
		<name>fish</name>
		<pose>Unspecified</pose>
		<truncated>0</truncated>
		<difficult>0</difficult>
		<occluded>0</occluded>
		<bndbox>
			<xmin>187</xmin>
			<xmax>223</xmax>
			<ymin>683</ymin>
			<ymax>739</ymax>
		</bndbox>
	</object>
	<object>
		<name>fish</name>
		<pose>Unspecified</pose>
		<truncated>0</truncated>
		<difficult>0</difficult>
		<occluded>0</occluded>
		<bndbox>
			<xmin>778</xmin>
			<xmax>802</xmax>
			<ymin>504</ymin>
			<ymax>537</ymax>
		</bndbox>
	</object>
	<object>
		<name>fish</name>
		<pose>Unspecified</pose>
		<truncated>0</truncated>
		<difficult>0</difficult>
		<occluded>0</occluded>
		<bndbox>
			<xmin>817</xmin>
			<xmax>858</xmax>
			<ymin>715</ymin>
			<ymax>741</ymax>
		</bndbox>
	</object>
	<object>
		<name>fish</name>
		<pose>Unspecified</pose>
		<truncated>0</truncated>
		<difficult>0</difficult>
		<occluded>0</occluded>
		<bndbox>
			<xmin>213</xmin>
			<xmax>255</xmax>
			<ymin>458</ymin>
			<ymax>484</ymax>
		</bndbox>
	</object>
</annotation>
