<annotation>
	<folder></folder>
	<filename>IMG_2639_jpeg_jpg.rf.44073e788a70dcd9df5e84d85f16a602.jpg</filename>
	<path>IMG_2639_jpeg_jpg.rf.44073e788a70dcd9df5e84d85f16a602.jpg</path>
	<source>
		<database>roboflow.ai</database>
	</source>
	<size>
		<width>768</width>
		<height>1024</height>
		<depth>3</depth>
	</size>
	<segmented>0</segmented>
	<object>
		<name>stingray</name>
		<pose>Unspecified</pose>
		<truncated>0</truncated>
		<difficult>0</difficult>
		<occluded>0</occluded>
		<bndbox>
			<xmin>282</xmin>
			<xmax>677</xmax>
			<ymin>170</ymin>
			<ymax>623</ymax>
		</bndbox>
	</object>
	<object>
		<name>stingray</name>
		<pose>Unspecified</pose>
		<truncated>0</truncated>
		<difficult>0</difficult>
		<occluded>0</occluded>
		<bndbox>
			<xmin>510</xmin>
			<xmax>684</xmax>
			<ymin>767</ymin>
			<ymax>925</ymax>
		</bndbox>
	</object>
	<object>
		<name>fish</name>
		<pose>Unspecified</pose>
		<truncated>0</truncated>
		<difficult>0</difficult>
		<occluded>0</occluded>
		<bndbox>
			<xmin>461</xmin>
			<xmax>583</xmax>
			<ymin>974</ymin>
			<ymax>1024</ymax>
		</bndbox>
	</object>
</annotation>
