<annotation>
	<folder></folder>
	<filename>IMG_2368_jpeg_jpg.rf.4f2acbd69ebf32d532fe6ed7d236cfaf.jpg</filename>
	<path>IMG_2368_jpeg_jpg.rf.4f2acbd69ebf32d532fe6ed7d236cfaf.jpg</path>
	<source>
		<database>roboflow.ai</database>
	</source>
	<size>
		<width>768</width>
		<height>1024</height>
		<depth>3</depth>
	</size>
	<segmented>0</segmented>
	<object>
		<name>fish</name>
		<pose>Unspecified</pose>
		<truncated>0</truncated>
		<difficult>0</difficult>
		<occluded>0</occluded>
		<bndbox>
			<xmin>185</xmin>
			<xmax>539</xmax>
			<ymin>457</ymin>
			<ymax>784</ymax>
		</bndbox>
	</object>
	<object>
		<name>starfish</name>
		<pose>Unspecified</pose>
		<truncated>0</truncated>
		<difficult>0</difficult>
		<occluded>0</occluded>
		<bndbox>
			<xmin>320</xmin>
			<xmax>523</xmax>
			<ymin>753</ymin>
			<ymax>941</ymax>
		</bndbox>
	</object>
</annotation>
