<annotation>
	<folder></folder>
	<filename>IMG_2284_jpeg_jpg.rf.99de11cb5727748bd3eae3afe7b415e6.jpg</filename>
	<path>IMG_2284_jpeg_jpg.rf.99de11cb5727748bd3eae3afe7b415e6.jpg</path>
	<source>
		<database>roboflow.ai</database>
	</source>
	<size>
		<width>768</width>
		<height>1024</height>
		<depth>3</depth>
	</size>
	<segmented>0</segmented>
	<object>
		<name>puffin</name>
		<pose>Unspecified</pose>
		<truncated>0</truncated>
		<difficult>0</difficult>
		<occluded>0</occluded>
		<bndbox>
			<xmin>193</xmin>
			<xmax>616</xmax>
			<ymin>375</ymin>
			<ymax>632</ymax>
		</bndbox>
	</object>
	<object>
		<name>puffin</name>
		<pose>Unspecified</pose>
		<truncated>0</truncated>
		<difficult>0</difficult>
		<occluded>0</occluded>
		<bndbox>
			<xmin>510</xmin>
			<xmax>594</xmax>
			<ymin>1</ymin>
			<ymax>138</ymax>
		</bndbox>
	</object>
	<object>
		<name>puffin</name>
		<pose>Unspecified</pose>
		<truncated>0</truncated>
		<difficult>0</difficult>
		<occluded>0</occluded>
		<bndbox>
			<xmin>601</xmin>
			<xmax>688</xmax>
			<ymin>48</ymin>
			<ymax>135</ymax>
		</bndbox>
	</object>
</annotation>
