<annotation>
	<folder></folder>
	<filename>IMG_8541_jpg.rf.066c747a66e7275139820b42b4a84394.jpg</filename>
	<path>IMG_8541_jpg.rf.066c747a66e7275139820b42b4a84394.jpg</path>
	<source>
		<database>roboflow.ai</database>
	</source>
	<size>
		<width>1024</width>
		<height>768</height>
		<depth>3</depth>
	</size>
	<segmented>0</segmented>
	<object>
		<name>fish</name>
		<pose>Unspecified</pose>
		<truncated>0</truncated>
		<difficult>0</difficult>
		<occluded>0</occluded>
		<bndbox>
			<xmin>218</xmin>
			<xmax>668</xmax>
			<ymin>358</ymin>
			<ymax>764</ymax>
		</bndbox>
	</object>
	<object>
		<name>fish</name>
		<pose>Unspecified</pose>
		<truncated>0</truncated>
		<difficult>0</difficult>
		<occluded>0</occluded>
		<bndbox>
			<xmin>893</xmin>
			<xmax>1024</xmax>
			<ymin>13</ymin>
			<ymax>294</ymax>
		</bndbox>
	</object>
	<object>
		<name>fish</name>
		<pose>Unspecified</pose>
		<truncated>0</truncated>
		<difficult>0</difficult>
		<occluded>0</occluded>
		<bndbox>
			<xmin>181</xmin>
			<xmax>335</xmax>
			<ymin>201</ymin>
			<ymax>259</ymax>
		</bndbox>
	</object>
</annotation>
