<annotation>
	<folder></folder>
	<filename>IMG_2572_jpeg_jpg.rf.5a3356eac09c160bd2956aaed8a9ed00.jpg</filename>
	<path>IMG_2572_jpeg_jpg.rf.5a3356eac09c160bd2956aaed8a9ed00.jpg</path>
	<source>
		<database>roboflow.ai</database>
	</source>
	<size>
		<width>768</width>
		<height>1024</height>
		<depth>3</depth>
	</size>
	<segmented>0</segmented>
	<object>
		<name>stingray</name>
		<pose>Unspecified</pose>
		<truncated>0</truncated>
		<difficult>0</difficult>
		<occluded>0</occluded>
		<bndbox>
			<xmin>307</xmin>
			<xmax>502</xmax>
			<ymin>516</ymin>
			<ymax>631</ymax>
		</bndbox>
	</object>
	<object>
		<name>fish</name>
		<pose>Unspecified</pose>
		<truncated>0</truncated>
		<difficult>0</difficult>
		<occluded>0</occluded>
		<bndbox>
			<xmin>98</xmin>
			<xmax>263</xmax>
			<ymin>343</ymin>
			<ymax>399</ymax>
		</bndbox>
	</object>
	<object>
		<name>fish</name>
		<pose>Unspecified</pose>
		<truncated>0</truncated>
		<difficult>0</difficult>
		<occluded>0</occluded>
		<bndbox>
			<xmin>326</xmin>
			<xmax>393</xmax>
			<ymin>322</ymin>
			<ymax>388</ymax>
		</bndbox>
	</object>
</annotation>
