<annotation>
	<folder></folder>
	<filename>IMG_2571_jpeg_jpg.rf.d26821c850b04ab5dc79a9b1fdcbea2b.jpg</filename>
	<path>IMG_2571_jpeg_jpg.rf.d26821c850b04ab5dc79a9b1fdcbea2b.jpg</path>
	<source>
		<database>roboflow.ai</database>
	</source>
	<size>
		<width>768</width>
		<height>1024</height>
		<depth>3</depth>
	</size>
	<segmented>0</segmented>
	<object>
		<name>stingray</name>
		<pose>Unspecified</pose>
		<truncated>0</truncated>
		<difficult>0</difficult>
		<occluded>0</occluded>
		<bndbox>
			<xmin>161</xmin>
			<xmax>403</xmax>
			<ymin>509</ymin>
			<ymax>626</ymax>
		</bndbox>
	</object>
	<object>
		<name>fish</name>
		<pose>Unspecified</pose>
		<truncated>0</truncated>
		<difficult>0</difficult>
		<occluded>0</occluded>
		<bndbox>
			<xmin>125</xmin>
			<xmax>218</xmax>
			<ymin>307</ymin>
			<ymax>385</ymax>
		</bndbox>
	</object>
	<object>
		<name>fish</name>
		<pose>Unspecified</pose>
		<truncated>0</truncated>
		<difficult>0</difficult>
		<occluded>0</occluded>
		<bndbox>
			<xmin>1</xmin>
			<xmax>122</xmax>
			<ymin>314</ymin>
			<ymax>393</ymax>
		</bndbox>
	</object>
</annotation>
