<annotation>
	<folder></folder>
	<filename>IMG_2615_jpeg_jpg.rf.56aca06d65d38d33b02a5b8503c4b809.jpg</filename>
	<path>IMG_2615_jpeg_jpg.rf.56aca06d65d38d33b02a5b8503c4b809.jpg</path>
	<source>
		<database>roboflow.ai</database>
	</source>
	<size>
		<width>768</width>
		<height>1024</height>
		<depth>3</depth>
	</size>
	<segmented>0</segmented>
	<object>
		<name>fish</name>
		<pose>Unspecified</pose>
		<truncated>0</truncated>
		<difficult>0</difficult>
		<occluded>0</occluded>
		<bndbox>
			<xmin>47</xmin>
			<xmax>91</xmax>
			<ymin>688</ymin>
			<ymax>746</ymax>
		</bndbox>
	</object>
	<object>
		<name>fish</name>
		<pose>Unspecified</pose>
		<truncated>0</truncated>
		<difficult>0</difficult>
		<occluded>0</occluded>
		<bndbox>
			<xmin>260</xmin>
			<xmax>311</xmax>
			<ymin>702</ymin>
			<ymax>740</ymax>
		</bndbox>
	</object>
	<object>
		<name>shark</name>
		<pose>Unspecified</pose>
		<truncated>0</truncated>
		<difficult>0</difficult>
		<occluded>0</occluded>
		<bndbox>
			<xmin>322</xmin>
			<xmax>674</xmax>
			<ymin>486</ymin>
			<ymax>614</ymax>
		</bndbox>
	</object>
</annotation>
