<annotation>
	<folder></folder>
	<filename>IMG_2508_jpeg_jpg.rf.6341e9035957fcc1420ec41cd9176b7a.jpg</filename>
	<path>IMG_2508_jpeg_jpg.rf.6341e9035957fcc1420ec41cd9176b7a.jpg</path>
	<source>
		<database>roboflow.ai</database>
	</source>
	<size>
		<width>768</width>
		<height>1024</height>
		<depth>3</depth>
	</size>
	<segmented>0</segmented>
	<object>
		<name>shark</name>
		<pose>Unspecified</pose>
		<truncated>0</truncated>
		<difficult>0</difficult>
		<occluded>0</occluded>
		<bndbox>
			<xmin>215</xmin>
			<xmax>548</xmax>
			<ymin>505</ymin>
			<ymax>718</ymax>
		</bndbox>
	</object>
</annotation>
