<annotation>
	<folder></folder>
	<filename>IMG_2296_jpeg_jpg.rf.56a86afeeeb9a6c12746f77b7346ff19.jpg</filename>
	<path>IMG_2296_jpeg_jpg.rf.56a86afeeeb9a6c12746f77b7346ff19.jpg</path>
	<source>
		<database>roboflow.ai</database>
	</source>
	<size>
		<width>768</width>
		<height>1024</height>
		<depth>3</depth>
	</size>
	<segmented>0</segmented>
	<object>
		<name>puffin</name>
		<pose>Unspecified</pose>
		<truncated>0</truncated>
		<difficult>0</difficult>
		<occluded>0</occluded>
		<bndbox>
			<xmin>320</xmin>
			<xmax>512</xmax>
			<ymin>120</ymin>
			<ymax>227</ymax>
		</bndbox>
	</object>
	<object>
		<name>puffin</name>
		<pose>Unspecified</pose>
		<truncated>0</truncated>
		<difficult>0</difficult>
		<occluded>0</occluded>
		<bndbox>
			<xmin>459</xmin>
			<xmax>648</xmax>
			<ymin>567</ymin>
			<ymax>666</ymax>
		</bndbox>
	</object>
</annotation>
