<annotation>
	<folder></folder>
	<filename>IMG_8496_MOV-5_jpg.rf.eacca955182a03a262de9b2c4012ecc4.jpg</filename>
	<path>IMG_8496_MOV-5_jpg.rf.eacca955182a03a262de9b2c4012ecc4.jpg</path>
	<source>
		<database>roboflow.ai</database>
	</source>
	<size>
		<width>576</width>
		<height>1024</height>
		<depth>3</depth>
	</size>
	<segmented>0</segmented>
	<object>
		<name>fish</name>
		<pose>Unspecified</pose>
		<truncated>0</truncated>
		<difficult>0</difficult>
		<occluded>0</occluded>
		<bndbox>
			<xmin>1</xmin>
			<xmax>135</xmax>
			<ymin>467</ymin>
			<ymax>643</ymax>
		</bndbox>
	</object>
	<object>
		<name>fish</name>
		<pose>Unspecified</pose>
		<truncated>0</truncated>
		<difficult>0</difficult>
		<occluded>0</occluded>
		<bndbox>
			<xmin>127</xmin>
			<xmax>481</xmax>
			<ymin>437</ymin>
			<ymax>559</ymax>
		</bndbox>
	</object>
	<object>
		<name>fish</name>
		<pose>Unspecified</pose>
		<truncated>0</truncated>
		<difficult>0</difficult>
		<occluded>0</occluded>
		<bndbox>
			<xmin>1</xmin>
			<xmax>358</xmax>
			<ymin>582</ymin>
			<ymax>698</ymax>
		</bndbox>
	</object>
</annotation>
