<annotation>
	<folder></folder>
	<filename>IMG_2482_jpeg_jpg.rf.e49b8fe3d265732ff3c0eb8172bd66ee.jpg</filename>
	<path>IMG_2482_jpeg_jpg.rf.e49b8fe3d265732ff3c0eb8172bd66ee.jpg</path>
	<source>
		<database>roboflow.ai</database>
	</source>
	<size>
		<width>768</width>
		<height>1024</height>
		<depth>3</depth>
	</size>
	<segmented>0</segmented>
	<object>
		<name>jellyfish</name>
		<pose>Unspecified</pose>
		<truncated>0</truncated>
		<difficult>0</difficult>
		<occluded>0</occluded>
		<bndbox>
			<xmin>189</xmin>
			<xmax>415</xmax>
			<ymin>643</ymin>
			<ymax>868</ymax>
		</bndbox>
	</object>
	<object>
		<name>jellyfish</name>
		<pose>Unspecified</pose>
		<truncated>0</truncated>
		<difficult>0</difficult>
		<occluded>0</occluded>
		<bndbox>
			<xmin>12</xmin>
			<xmax>203</xmax>
			<ymin>740</ymin>
			<ymax>917</ymax>
		</bndbox>
	</object>
	<object>
		<name>jellyfish</name>
		<pose>Unspecified</pose>
		<truncated>0</truncated>
		<difficult>0</difficult>
		<occluded>0</occluded>
		<bndbox>
			<xmin>385</xmin>
			<xmax>575</xmax>
			<ymin>320</ymin>
			<ymax>468</ymax>
		</bndbox>
	</object>
	<object>
		<name>jellyfish</name>
		<pose>Unspecified</pose>
		<truncated>0</truncated>
		<difficult>0</difficult>
		<occluded>0</occluded>
		<bndbox>
			<xmin>1</xmin>
			<xmax>71</xmax>
			<ymin>765</ymin>
			<ymax>940</ymax>
		</bndbox>
	</object>
</annotation>
