<annotation>
	<folder></folder>
	<filename>IMG_2553_jpeg_jpg.rf.631441b6872f3849ab9f75da6176af0a.jpg</filename>
	<path>IMG_2553_jpeg_jpg.rf.631441b6872f3849ab9f75da6176af0a.jpg</path>
	<source>
		<database>roboflow.ai</database>
	</source>
	<size>
		<width>768</width>
		<height>1024</height>
		<depth>3</depth>
	</size>
	<segmented>0</segmented>
	<object>
		<name>stingray</name>
		<pose>Unspecified</pose>
		<truncated>0</truncated>
		<difficult>0</difficult>
		<occluded>0</occluded>
		<bndbox>
			<xmin>334</xmin>
			<xmax>598</xmax>
			<ymin>256</ymin>
			<ymax>726</ymax>
		</bndbox>
	</object>
</annotation>
