<annotation>
	<folder></folder>
	<filename>IMG_3182_jpeg_jpg.rf.3e85376545651810d891af33d25e6bcf.jpg</filename>
	<path>IMG_3182_jpeg_jpg.rf.3e85376545651810d891af33d25e6bcf.jpg</path>
	<source>
		<database>roboflow.ai</database>
	</source>
	<size>
		<width>768</width>
		<height>1024</height>
		<depth>3</depth>
	</size>
	<segmented>0</segmented>
	<object>
		<name>starfish</name>
		<pose>Unspecified</pose>
		<truncated>0</truncated>
		<difficult>0</difficult>
		<occluded>0</occluded>
		<bndbox>
			<xmin>74</xmin>
			<xmax>197</xmax>
			<ymin>366</ymin>
			<ymax>555</ymax>
		</bndbox>
	</object>
	<object>
		<name>starfish</name>
		<pose>Unspecified</pose>
		<truncated>0</truncated>
		<difficult>0</difficult>
		<occluded>0</occluded>
		<bndbox>
			<xmin>485</xmin>
			<xmax>610</xmax>
			<ymin>607</ymin>
			<ymax>793</ymax>
		</bndbox>
	</object>
</annotation>
