<annotation>
	<folder></folder>
	<filename>IMG_2362_jpeg_jpg.rf.a1ac6ab5801ffa496d0fbd6038ebf034.jpg</filename>
	<path>IMG_2362_jpeg_jpg.rf.a1ac6ab5801ffa496d0fbd6038ebf034.jpg</path>
	<source>
		<database>roboflow.ai</database>
	</source>
	<size>
		<width>768</width>
		<height>1024</height>
		<depth>3</depth>
	</size>
	<segmented>0</segmented>
	<object>
		<name>shark</name>
		<pose>Unspecified</pose>
		<truncated>0</truncated>
		<difficult>0</difficult>
		<occluded>0</occluded>
		<bndbox>
			<xmin>343</xmin>
			<xmax>528</xmax>
			<ymin>526</ymin>
			<ymax>819</ymax>
		</bndbox>
	</object>
	<object>
		<name>shark</name>
		<pose>Unspecified</pose>
		<truncated>0</truncated>
		<difficult>0</difficult>
		<occluded>0</occluded>
		<bndbox>
			<xmin>96</xmin>
			<xmax>460</xmax>
			<ymin>547</ymin>
			<ymax>702</ymax>
		</bndbox>
	</object>
	<object>
		<name>fish</name>
		<pose>Unspecified</pose>
		<truncated>0</truncated>
		<difficult>0</difficult>
		<occluded>0</occluded>
		<bndbox>
			<xmin>509</xmin>
			<xmax>717</xmax>
			<ymin>274</ymin>
			<ymax>847</ymax>
		</bndbox>
	</object>
</annotation>
