<annotation>
	<folder></folder>
	<filename>IMG_2413_jpeg_jpg.rf.695815e23abdea80c043bb1cfd5a8a73.jpg</filename>
	<path>IMG_2413_jpeg_jpg.rf.695815e23abdea80c043bb1cfd5a8a73.jpg</path>
	<source>
		<database>roboflow.ai</database>
	</source>
	<size>
		<width>768</width>
		<height>1024</height>
		<depth>3</depth>
	</size>
	<segmented>0</segmented>
	<object>
		<name>fish</name>
		<pose>Unspecified</pose>
		<truncated>0</truncated>
		<difficult>0</difficult>
		<occluded>0</occluded>
		<bndbox>
			<xmin>1</xmin>
			<xmax>701</xmax>
			<ymin>239</ymin>
			<ymax>539</ymax>
		</bndbox>
	</object>
	<object>
		<name>fish</name>
		<pose>Unspecified</pose>
		<truncated>0</truncated>
		<difficult>0</difficult>
		<occluded>0</occluded>
		<bndbox>
			<xmin>149</xmin>
			<xmax>480</xmax>
			<ymin>773</ymin>
			<ymax>981</ymax>
		</bndbox>
	</object>
	<object>
		<name>fish</name>
		<pose>Unspecified</pose>
		<truncated>0</truncated>
		<difficult>0</difficult>
		<occluded>0</occluded>
		<bndbox>
			<xmin>438</xmin>
			<xmax>768</xmax>
			<ymin>600</ymin>
			<ymax>793</ymax>
		</bndbox>
	</object>
</annotation>
