<annotation>
	<folder></folder>
	<filename>IMG_2643_jpeg_jpg.rf.5a7752897b56469837e946255d67337d.jpg</filename>
	<path>IMG_2643_jpeg_jpg.rf.5a7752897b56469837e946255d67337d.jpg</path>
	<source>
		<database>roboflow.ai</database>
	</source>
	<size>
		<width>768</width>
		<height>1024</height>
		<depth>3</depth>
	</size>
	<segmented>0</segmented>
	<object>
		<name>shark</name>
		<pose>Unspecified</pose>
		<truncated>0</truncated>
		<difficult>0</difficult>
		<occluded>0</occluded>
		<bndbox>
			<xmin>1</xmin>
			<xmax>686</xmax>
			<ymin>302</ymin>
			<ymax>1025</ymax>
		</bndbox>
	</object>
</annotation>
