<annotation>
	<folder></folder>
	<filename>IMG_8411_jpg.rf.e97cd10f60bc011b5aa539fcc34dcfaa.jpg</filename>
	<path>IMG_8411_jpg.rf.e97cd10f60bc011b5aa539fcc34dcfaa.jpg</path>
	<source>
		<database>roboflow.ai</database>
	</source>
	<size>
		<width>1024</width>
		<height>768</height>
		<depth>3</depth>
	</size>
	<segmented>0</segmented>
	<object>
		<name>shark</name>
		<pose>Unspecified</pose>
		<truncated>0</truncated>
		<difficult>0</difficult>
		<occluded>0</occluded>
		<bndbox>
			<xmin>348</xmin>
			<xmax>571</xmax>
			<ymin>179</ymin>
			<ymax>596</ymax>
		</bndbox>
	</object>
	<object>
		<name>fish</name>
		<pose>Unspecified</pose>
		<truncated>0</truncated>
		<difficult>0</difficult>
		<occluded>0</occluded>
		<bndbox>
			<xmin>6</xmin>
			<xmax>85</xmax>
			<ymin>646</ymin>
			<ymax>690</ymax>
		</bndbox>
	</object>
</annotation>
