<annotation>
	<folder></folder>
	<filename>IMG_2513_jpeg_jpg.rf.1c33f6aee29f24622179b3c188effe59.jpg</filename>
	<path>IMG_2513_jpeg_jpg.rf.1c33f6aee29f24622179b3c188effe59.jpg</path>
	<source>
		<database>roboflow.ai</database>
	</source>
	<size>
		<width>768</width>
		<height>1024</height>
		<depth>3</depth>
	</size>
	<segmented>0</segmented>
	<object>
		<name>shark</name>
		<pose>Unspecified</pose>
		<truncated>0</truncated>
		<difficult>0</difficult>
		<occluded>0</occluded>
		<bndbox>
			<xmin>222</xmin>
			<xmax>666</xmax>
			<ymin>70</ymin>
			<ymax>207</ymax>
		</bndbox>
	</object>
</annotation>
