<annotation>
	<folder></folder>
	<filename>IMG_8571_MOV-4_jpg.rf.d7b7c24c46f21df8cca7ae652464d2d1.jpg</filename>
	<path>IMG_8571_MOV-4_jpg.rf.d7b7c24c46f21df8cca7ae652464d2d1.jpg</path>
	<source>
		<database>roboflow.ai</database>
	</source>
	<size>
		<width>576</width>
		<height>1024</height>
		<depth>3</depth>
	</size>
	<segmented>0</segmented>
	<object>
		<name>fish</name>
		<pose>Unspecified</pose>
		<truncated>0</truncated>
		<difficult>0</difficult>
		<occluded>0</occluded>
		<bndbox>
			<xmin>3</xmin>
			<xmax>267</xmax>
			<ymin>351</ymin>
			<ymax>477</ymax>
		</bndbox>
	</object>
	<object>
		<name>fish</name>
		<pose>Unspecified</pose>
		<truncated>0</truncated>
		<difficult>0</difficult>
		<occluded>0</occluded>
		<bndbox>
			<xmin>93</xmin>
			<xmax>501</xmax>
			<ymin>497</ymin>
			<ymax>641</ymax>
		</bndbox>
	</object>
</annotation>
