<annotation>
	<folder></folder>
	<filename>IMG_8575_jpg.rf.1cf3080cdc0d1afae6f57dbd147c9e3c.jpg</filename>
	<path>IMG_8575_jpg.rf.1cf3080cdc0d1afae6f57dbd147c9e3c.jpg</path>
	<source>
		<database>roboflow.ai</database>
	</source>
	<size>
		<width>1024</width>
		<height>768</height>
		<depth>3</depth>
	</size>
	<segmented>0</segmented>
	<object>
		<name>shark</name>
		<pose>Unspecified</pose>
		<truncated>0</truncated>
		<difficult>0</difficult>
		<occluded>0</occluded>
		<bndbox>
			<xmin>1</xmin>
			<xmax>996</xmax>
			<ymin>325</ymin>
			<ymax>676</ymax>
		</bndbox>
	</object>
</annotation>
