<annotation>
	<folder></folder>
	<filename>IMG_2349_jpeg_jpg.rf.743d7a69284c7ee65b40548c2803bd34.jpg</filename>
	<path>IMG_2349_jpeg_jpg.rf.743d7a69284c7ee65b40548c2803bd34.jpg</path>
	<source>
		<database>roboflow.ai</database>
	</source>
	<size>
		<width>768</width>
		<height>1024</height>
		<depth>3</depth>
	</size>
	<segmented>0</segmented>
	<object>
		<name>penguin</name>
		<pose>Unspecified</pose>
		<truncated>0</truncated>
		<difficult>0</difficult>
		<occluded>0</occluded>
		<bndbox>
			<xmin>163</xmin>
			<xmax>642</xmax>
			<ymin>342</ymin>
			<ymax>617</ymax>
		</bndbox>
	</object>
</annotation>
