<annotation>
	<folder></folder>
	<filename>IMG_8517_MOV-1_jpg.rf.f38c10686e4a0e257b1f2d8f4bb5f4b1.jpg</filename>
	<path>IMG_8517_MOV-1_jpg.rf.f38c10686e4a0e257b1f2d8f4bb5f4b1.jpg</path>
	<source>
		<database>roboflow.ai</database>
	</source>
	<size>
		<width>1024</width>
		<height>576</height>
		<depth>3</depth>
	</size>
	<segmented>0</segmented>
	<object>
		<name>fish</name>
		<pose>Unspecified</pose>
		<truncated>0</truncated>
		<difficult>0</difficult>
		<occluded>0</occluded>
		<bndbox>
			<xmin>178</xmin>
			<xmax>373</xmax>
			<ymin>242</ymin>
			<ymax>392</ymax>
		</bndbox>
	</object>
	<object>
		<name>fish</name>
		<pose>Unspecified</pose>
		<truncated>0</truncated>
		<difficult>0</difficult>
		<occluded>0</occluded>
		<bndbox>
			<xmin>896</xmin>
			<xmax>1024</xmax>
			<ymin>38</ymin>
			<ymax>176</ymax>
		</bndbox>
	</object>
	<object>
		<name>fish</name>
		<pose>Unspecified</pose>
		<truncated>0</truncated>
		<difficult>0</difficult>
		<occluded>0</occluded>
		<bndbox>
			<xmin>369</xmin>
			<xmax>486</xmax>
			<ymin>248</ymin>
			<ymax>329</ymax>
		</bndbox>
	</object>
	<object>
		<name>fish</name>
		<pose>Unspecified</pose>
		<truncated>0</truncated>
		<difficult>0</difficult>
		<occluded>0</occluded>
		<bndbox>
			<xmin>870</xmin>
			<xmax>959</xmax>
			<ymin>57</ymin>
			<ymax>137</ymax>
		</bndbox>
	</object>
	<object>
		<name>fish</name>
		<pose>Unspecified</pose>
		<truncated>0</truncated>
		<difficult>0</difficult>
		<occluded>0</occluded>
		<bndbox>
			<xmin>686</xmin>
			<xmax>783</xmax>
			<ymin>166</ymin>
			<ymax>242</ymax>
		</bndbox>
	</object>
	<object>
		<name>fish</name>
		<pose>Unspecified</pose>
		<truncated>0</truncated>
		<difficult>0</difficult>
		<occluded>0</occluded>
		<bndbox>
			<xmin>661</xmin>
			<xmax>727</xmax>
			<ymin>292</ymin>
			<ymax>426</ymax>
		</bndbox>
	</object>
</annotation>
