<annotation>
	<folder></folder>
	<filename>IMG_3152_jpeg_jpg.rf.e018fb206e9194f3536a290f0c649274.jpg</filename>
	<path>IMG_3152_jpeg_jpg.rf.e018fb206e9194f3536a290f0c649274.jpg</path>
	<source>
		<database>roboflow.ai</database>
	</source>
	<size>
		<width>768</width>
		<height>1024</height>
		<depth>3</depth>
	</size>
	<segmented>0</segmented>
	<object>
		<name>puffin</name>
		<pose>Unspecified</pose>
		<truncated>0</truncated>
		<difficult>0</difficult>
		<occluded>0</occluded>
		<bndbox>
			<xmin>162</xmin>
			<xmax>338</xmax>
			<ymin>132</ymin>
			<ymax>223</ymax>
		</bndbox>
	</object>
	<object>
		<name>puffin</name>
		<pose>Unspecified</pose>
		<truncated>0</truncated>
		<difficult>0</difficult>
		<occluded>0</occluded>
		<bndbox>
			<xmin>1</xmin>
			<xmax>59</xmax>
			<ymin>36</ymin>
			<ymax>96</ymax>
		</bndbox>
	</object>
	<object>
		<name>puffin</name>
		<pose>Unspecified</pose>
		<truncated>0</truncated>
		<difficult>0</difficult>
		<occluded>0</occluded>
		<bndbox>
			<xmin>271</xmin>
			<xmax>435</xmax>
			<ymin>609</ymin>
			<ymax>751</ymax>
		</bndbox>
	</object>
</annotation>
