<annotation>
	<folder></folder>
	<filename>IMG_3146_jpeg_jpg.rf.2a4d1b21ca18859f03d310845ee1a426.jpg</filename>
	<path>IMG_3146_jpeg_jpg.rf.2a4d1b21ca18859f03d310845ee1a426.jpg</path>
	<source>
		<database>roboflow.ai</database>
	</source>
	<size>
		<width>768</width>
		<height>1024</height>
		<depth>3</depth>
	</size>
	<segmented>0</segmented>
	<object>
		<name>puffin</name>
		<pose>Unspecified</pose>
		<truncated>0</truncated>
		<difficult>0</difficult>
		<occluded>0</occluded>
		<bndbox>
			<xmin>173</xmin>
			<xmax>509</xmax>
			<ymin>392</ymin>
			<ymax>718</ymax>
		</bndbox>
	</object>
</annotation>
