<annotation>
	<folder></folder>
	<filename>IMG_2554_jpeg_jpg.rf.1ac30f27b030d31a31ec6b2ecdcb9025.jpg</filename>
	<path>IMG_2554_jpeg_jpg.rf.1ac30f27b030d31a31ec6b2ecdcb9025.jpg</path>
	<source>
		<database>roboflow.ai</database>
	</source>
	<size>
		<width>768</width>
		<height>1024</height>
		<depth>3</depth>
	</size>
	<segmented>0</segmented>
	<object>
		<name>stingray</name>
		<pose>Unspecified</pose>
		<truncated>0</truncated>
		<difficult>0</difficult>
		<occluded>0</occluded>
		<bndbox>
			<xmin>253</xmin>
			<xmax>540</xmax>
			<ymin>341</ymin>
			<ymax>710</ymax>
		</bndbox>
	</object>
</annotation>
