<annotation>
	<folder></folder>
	<filename>IMG_3158_jpeg_jpg.rf.0f2bac58bc2e3ca07172215f073a2dab.jpg</filename>
	<path>IMG_3158_jpeg_jpg.rf.0f2bac58bc2e3ca07172215f073a2dab.jpg</path>
	<source>
		<database>roboflow.ai</database>
	</source>
	<size>
		<width>768</width>
		<height>1024</height>
		<depth>3</depth>
	</size>
	<segmented>0</segmented>
	<object>
		<name>puffin</name>
		<pose>Unspecified</pose>
		<truncated>0</truncated>
		<difficult>0</difficult>
		<occluded>0</occluded>
		<bndbox>
			<xmin>7</xmin>
			<xmax>193</xmax>
			<ymin>463</ymin>
			<ymax>678</ymax>
		</bndbox>
	</object>
	<object>
		<name>puffin</name>
		<pose>Unspecified</pose>
		<truncated>0</truncated>
		<difficult>0</difficult>
		<occluded>0</occluded>
		<bndbox>
			<xmin>180</xmin>
			<xmax>356</xmax>
			<ymin>362</ymin>
			<ymax>423</ymax>
		</bndbox>
	</object>
	<object>
		<name>puffin</name>
		<pose>Unspecified</pose>
		<truncated>0</truncated>
		<difficult>0</difficult>
		<occluded>0</occluded>
		<bndbox>
			<xmin>404</xmin>
			<xmax>646</xmax>
			<ymin>156</ymin>
			<ymax>343</ymax>
		</bndbox>
	</object>
</annotation>
