<annotation>
	<folder></folder>
	<filename>IMG_8496_MOV-6_jpg.rf.1a2f4660fc24ccab8c1f78b2aa6ca1d3.jpg</filename>
	<path>IMG_8496_MOV-6_jpg.rf.1a2f4660fc24ccab8c1f78b2aa6ca1d3.jpg</path>
	<source>
		<database>roboflow.ai</database>
	</source>
	<size>
		<width>576</width>
		<height>1024</height>
		<depth>3</depth>
	</size>
	<segmented>0</segmented>
	<object>
		<name>fish</name>
		<pose>Unspecified</pose>
		<truncated>0</truncated>
		<difficult>0</difficult>
		<occluded>0</occluded>
		<bndbox>
			<xmin>173</xmin>
			<xmax>239</xmax>
			<ymin>362</ymin>
			<ymax>444</ymax>
		</bndbox>
	</object>
	<object>
		<name>fish</name>
		<pose>Unspecified</pose>
		<truncated>0</truncated>
		<difficult>0</difficult>
		<occluded>0</occluded>
		<bndbox>
			<xmin>440</xmin>
			<xmax>576</xmax>
			<ymin>273</ymin>
			<ymax>342</ymax>
		</bndbox>
	</object>
	<object>
		<name>fish</name>
		<pose>Unspecified</pose>
		<truncated>0</truncated>
		<difficult>0</difficult>
		<occluded>0</occluded>
		<bndbox>
			<xmin>1</xmin>
			<xmax>576</xmax>
			<ymin>493</ymin>
			<ymax>730</ymax>
		</bndbox>
	</object>
</annotation>
