<annotation>
	<folder></folder>
	<filename>IMG_8434_jpg.rf.79f70b6f3f2cbce5ebe9a0aaaa0a2444.jpg</filename>
	<path>IMG_8434_jpg.rf.79f70b6f3f2cbce5ebe9a0aaaa0a2444.jpg</path>
	<source>
		<database>roboflow.ai</database>
	</source>
	<size>
		<width>1024</width>
		<height>768</height>
		<depth>3</depth>
	</size>
	<segmented>0</segmented>
	<object>
		<name>shark</name>
		<pose>Unspecified</pose>
		<truncated>0</truncated>
		<difficult>0</difficult>
		<occluded>0</occluded>
		<bndbox>
			<xmin>180</xmin>
			<xmax>253</xmax>
			<ymin>268</ymin>
			<ymax>660</ymax>
		</bndbox>
	</object>
	<object>
		<name>stingray</name>
		<pose>Unspecified</pose>
		<truncated>0</truncated>
		<difficult>0</difficult>
		<occluded>0</occluded>
		<bndbox>
			<xmin>472</xmin>
			<xmax>701</xmax>
			<ymin>252</ymin>
			<ymax>612</ymax>
		</bndbox>
	</object>
	<object>
		<name>shark</name>
		<pose>Unspecified</pose>
		<truncated>0</truncated>
		<difficult>0</difficult>
		<occluded>0</occluded>
		<bndbox>
			<xmin>406</xmin>
			<xmax>477</xmax>
			<ymin>488</ymin>
			<ymax>769</ymax>
		</bndbox>
	</object>
</annotation>
