<annotation>
	<folder></folder>
	<filename>IMG_8550_jpg.rf.7f9f25d5d968b77bc0664fb82fc9a9c9.jpg</filename>
	<path>IMG_8550_jpg.rf.7f9f25d5d968b77bc0664fb82fc9a9c9.jpg</path>
	<source>
		<database>roboflow.ai</database>
	</source>
	<size>
		<width>1024</width>
		<height>768</height>
		<depth>3</depth>
	</size>
	<segmented>0</segmented>
	<object>
		<name>fish</name>
		<pose>Unspecified</pose>
		<truncated>0</truncated>
		<difficult>0</difficult>
		<occluded>0</occluded>
		<bndbox>
			<xmin>293</xmin>
			<xmax>527</xmax>
			<ymin>1</ymin>
			<ymax>622</ymax>
		</bndbox>
	</object>
</annotation>
