<annotation>
	<folder></folder>
	<filename>IMG_8534_jpg.rf.85886ccc87bbbd85796f4454f9851446.jpg</filename>
	<path>IMG_8534_jpg.rf.85886ccc87bbbd85796f4454f9851446.jpg</path>
	<source>
		<database>roboflow.ai</database>
	</source>
	<size>
		<width>1024</width>
		<height>768</height>
		<depth>3</depth>
	</size>
	<segmented>0</segmented>
	<object>
		<name>puffin</name>
		<pose>Unspecified</pose>
		<truncated>0</truncated>
		<difficult>0</difficult>
		<occluded>0</occluded>
		<bndbox>
			<xmin>465</xmin>
			<xmax>591</xmax>
			<ymin>330</ymin>
			<ymax>400</ymax>
		</bndbox>
	</object>
	<object>
		<name>puffin</name>
		<pose>Unspecified</pose>
		<truncated>0</truncated>
		<difficult>0</difficult>
		<occluded>0</occluded>
		<bndbox>
			<xmin>579</xmin>
			<xmax>642</xmax>
			<ymin>329</ymin>
			<ymax>392</ymax>
		</bndbox>
	</object>
	<object>
		<name>puffin</name>
		<pose>Unspecified</pose>
		<truncated>0</truncated>
		<difficult>0</difficult>
		<occluded>0</occluded>
		<bndbox>
			<xmin>522</xmin>
			<xmax>677</xmax>
			<ymin>355</ymin>
			<ymax>493</ymax>
		</bndbox>
	</object>
	<object>
		<name>puffin</name>
		<pose>Unspecified</pose>
		<truncated>0</truncated>
		<difficult>0</difficult>
		<occluded>0</occluded>
		<bndbox>
			<xmin>64</xmin>
			<xmax>132</xmax>
			<ymin>288</ymin>
			<ymax>393</ymax>
		</bndbox>
	</object>
	<object>
		<name>puffin</name>
		<pose>Unspecified</pose>
		<truncated>0</truncated>
		<difficult>0</difficult>
		<occluded>0</occluded>
		<bndbox>
			<xmin>261</xmin>
			<xmax>345</xmax>
			<ymin>312</ymin>
			<ymax>385</ymax>
		</bndbox>
	</object>
	<object>
		<name>puffin</name>
		<pose>Unspecified</pose>
		<truncated>0</truncated>
		<difficult>0</difficult>
		<occluded>0</occluded>
		<bndbox>
			<xmin>277</xmin>
			<xmax>358</xmax>
			<ymin>204</ymin>
			<ymax>259</ymax>
		</bndbox>
	</object>
	<object>
		<name>puffin</name>
		<pose>Unspecified</pose>
		<truncated>0</truncated>
		<difficult>0</difficult>
		<occluded>0</occluded>
		<bndbox>
			<xmin>111</xmin>
			<xmax>166</xmax>
			<ymin>285</ymin>
			<ymax>366</ymax>
		</bndbox>
	</object>
</annotation>
