<annotation>
	<folder></folder>
	<filename>IMG_8509_jpg.rf.2c289b209622afd8e8aac913c35008d7.jpg</filename>
	<path>IMG_8509_jpg.rf.2c289b209622afd8e8aac913c35008d7.jpg</path>
	<source>
		<database>roboflow.ai</database>
	</source>
	<size>
		<width>1024</width>
		<height>768</height>
		<depth>3</depth>
	</size>
	<segmented>0</segmented>
	<object>
		<name>shark</name>
		<pose>Unspecified</pose>
		<truncated>0</truncated>
		<difficult>0</difficult>
		<occluded>0</occluded>
		<bndbox>
			<xmin>511</xmin>
			<xmax>580</xmax>
			<ymin>332</ymin>
			<ymax>419</ymax>
		</bndbox>
	</object>
	<object>
		<name>shark</name>
		<pose>Unspecified</pose>
		<truncated>0</truncated>
		<difficult>0</difficult>
		<occluded>0</occluded>
		<bndbox>
			<xmin>637</xmin>
			<xmax>703</xmax>
			<ymin>500</ymin>
			<ymax>577</ymax>
		</bndbox>
	</object>
	<object>
		<name>fish</name>
		<pose>Unspecified</pose>
		<truncated>0</truncated>
		<difficult>0</difficult>
		<occluded>0</occluded>
		<bndbox>
			<xmin>538</xmin>
			<xmax>557</xmax>
			<ymin>492</ymin>
			<ymax>546</ymax>
		</bndbox>
	</object>
	<object>
		<name>shark</name>
		<pose>Unspecified</pose>
		<truncated>0</truncated>
		<difficult>0</difficult>
		<occluded>0</occluded>
		<bndbox>
			<xmin>599</xmin>
			<xmax>654</xmax>
			<ymin>590</ymin>
			<ymax>627</ymax>
		</bndbox>
	</object>
</annotation>
