<annotation>
	<folder></folder>
	<filename>IMG_2432_jpeg_jpg.rf.b0839d3e7f6a6fbc8f15a4e0ef385b7f.jpg</filename>
	<path>IMG_2432_jpeg_jpg.rf.b0839d3e7f6a6fbc8f15a4e0ef385b7f.jpg</path>
	<source>
		<database>roboflow.ai</database>
	</source>
	<size>
		<width>768</width>
		<height>1024</height>
		<depth>3</depth>
	</size>
	<segmented>0</segmented>
	<object>
		<name>shark</name>
		<pose>Unspecified</pose>
		<truncated>0</truncated>
		<difficult>0</difficult>
		<occluded>0</occluded>
		<bndbox>
			<xmin>212</xmin>
			<xmax>635</xmax>
			<ymin>502</ymin>
			<ymax>668</ymax>
		</bndbox>
	</object>
</annotation>
