<annotation>
	<folder></folder>
	<filename>IMG_8517_MOV-5_jpg.rf.62a10beba8fe770a302dec33a3188215.jpg</filename>
	<path>IMG_8517_MOV-5_jpg.rf.62a10beba8fe770a302dec33a3188215.jpg</path>
	<source>
		<database>roboflow.ai</database>
	</source>
	<size>
		<width>1024</width>
		<height>576</height>
		<depth>3</depth>
	</size>
	<segmented>0</segmented>
	<object>
		<name>fish</name>
		<pose>Unspecified</pose>
		<truncated>0</truncated>
		<difficult>0</difficult>
		<occluded>0</occluded>
		<bndbox>
			<xmin>628</xmin>
			<xmax>853</xmax>
			<ymin>361</ymin>
			<ymax>552</ymax>
		</bndbox>
	</object>
	<object>
		<name>fish</name>
		<pose>Unspecified</pose>
		<truncated>0</truncated>
		<difficult>0</difficult>
		<occluded>0</occluded>
		<bndbox>
			<xmin>738</xmin>
			<xmax>887</xmax>
			<ymin>56</ymin>
			<ymax>162</ymax>
		</bndbox>
	</object>
	<object>
		<name>fish</name>
		<pose>Unspecified</pose>
		<truncated>0</truncated>
		<difficult>0</difficult>
		<occluded>0</occluded>
		<bndbox>
			<xmin>68</xmin>
			<xmax>230</xmax>
			<ymin>477</ymin>
			<ymax>576</ymax>
		</bndbox>
	</object>
	<object>
		<name>fish</name>
		<pose>Unspecified</pose>
		<truncated>0</truncated>
		<difficult>0</difficult>
		<occluded>0</occluded>
		<bndbox>
			<xmin>675</xmin>
			<xmax>769</xmax>
			<ymin>3</ymin>
			<ymax>99</ymax>
		</bndbox>
	</object>
	<object>
		<name>fish</name>
		<pose>Unspecified</pose>
		<truncated>0</truncated>
		<difficult>0</difficult>
		<occluded>0</occluded>
		<bndbox>
			<xmin>152</xmin>
			<xmax>270</xmax>
			<ymin>219</ymin>
			<ymax>308</ymax>
		</bndbox>
	</object>
	<object>
		<name>fish</name>
		<pose>Unspecified</pose>
		<truncated>0</truncated>
		<difficult>0</difficult>
		<occluded>0</occluded>
		<bndbox>
			<xmin>40</xmin>
			<xmax>125</xmax>
			<ymin>171</ymin>
			<ymax>258</ymax>
		</bndbox>
	</object>
</annotation>
