<annotation>
	<folder></folder>
	<filename>IMG_2638_jpeg_jpg.rf.e72c19e437b4a0a304ee07003a66280f.jpg</filename>
	<path>IMG_2638_jpeg_jpg.rf.e72c19e437b4a0a304ee07003a66280f.jpg</path>
	<source>
		<database>roboflow.ai</database>
	</source>
	<size>
		<width>768</width>
		<height>1024</height>
		<depth>3</depth>
	</size>
	<segmented>0</segmented>
	<object>
		<name>stingray</name>
		<pose>Unspecified</pose>
		<truncated>0</truncated>
		<difficult>0</difficult>
		<occluded>0</occluded>
		<bndbox>
			<xmin>418</xmin>
			<xmax>599</xmax>
			<ymin>876</ymin>
			<ymax>1025</ymax>
		</bndbox>
	</object>
	<object>
		<name>stingray</name>
		<pose>Unspecified</pose>
		<truncated>0</truncated>
		<difficult>0</difficult>
		<occluded>0</occluded>
		<bndbox>
			<xmin>137</xmin>
			<xmax>324</xmax>
			<ymin>715</ymin>
			<ymax>855</ymax>
		</bndbox>
	</object>
	<object>
		<name>shark</name>
		<pose>Unspecified</pose>
		<truncated>0</truncated>
		<difficult>0</difficult>
		<occluded>0</occluded>
		<bndbox>
			<xmin>660</xmin>
			<xmax>768</xmax>
			<ymin>549</ymin>
			<ymax>649</ymax>
		</bndbox>
	</object>
	<object>
		<name>stingray</name>
		<pose>Unspecified</pose>
		<truncated>0</truncated>
		<difficult>0</difficult>
		<occluded>0</occluded>
		<bndbox>
			<xmin>204</xmin>
			<xmax>660</xmax>
			<ymin>253</ymin>
			<ymax>714</ymax>
		</bndbox>
	</object>
</annotation>
