<annotation>
	<folder></folder>
	<filename>IMG_3159_jpeg_jpg.rf.f6e6e62d74debd64b3f1301ca0e00076.jpg</filename>
	<path>IMG_3159_jpeg_jpg.rf.f6e6e62d74debd64b3f1301ca0e00076.jpg</path>
	<source>
		<database>roboflow.ai</database>
	</source>
	<size>
		<width>768</width>
		<height>1024</height>
		<depth>3</depth>
	</size>
	<segmented>0</segmented>
	<object>
		<name>puffin</name>
		<pose>Unspecified</pose>
		<truncated>0</truncated>
		<difficult>0</difficult>
		<occluded>0</occluded>
		<bndbox>
			<xmin>154</xmin>
			<xmax>730</xmax>
			<ymin>1</ymin>
			<ymax>230</ymax>
		</bndbox>
	</object>
	<object>
		<name>puffin</name>
		<pose>Unspecified</pose>
		<truncated>0</truncated>
		<difficult>0</difficult>
		<occluded>0</occluded>
		<bndbox>
			<xmin>363</xmin>
			<xmax>545</xmax>
			<ymin>605</ymin>
			<ymax>722</ymax>
		</bndbox>
	</object>
	<object>
		<name>puffin</name>
		<pose>Unspecified</pose>
		<truncated>0</truncated>
		<difficult>0</difficult>
		<occluded>0</occluded>
		<bndbox>
			<xmin>1</xmin>
			<xmax>124</xmax>
			<ymin>197</ymin>
			<ymax>323</ymax>
		</bndbox>
	</object>
</annotation>
