<annotation>
	<folder></folder>
	<filename>IMG_2640_jpeg_jpg.rf.3cc8a06471bb887f2ca3deea90e1f740.jpg</filename>
	<path>IMG_2640_jpeg_jpg.rf.3cc8a06471bb887f2ca3deea90e1f740.jpg</path>
	<source>
		<database>roboflow.ai</database>
	</source>
	<size>
		<width>768</width>
		<height>1024</height>
		<depth>3</depth>
	</size>
	<segmented>0</segmented>
	<object>
		<name>stingray</name>
		<pose>Unspecified</pose>
		<truncated>0</truncated>
		<difficult>0</difficult>
		<occluded>0</occluded>
		<bndbox>
			<xmin>206</xmin>
			<xmax>766</xmax>
			<ymin>288</ymin>
			<ymax>617</ymax>
		</bndbox>
	</object>
	<object>
		<name>fish</name>
		<pose>Unspecified</pose>
		<truncated>0</truncated>
		<difficult>0</difficult>
		<occluded>0</occluded>
		<bndbox>
			<xmin>213</xmin>
			<xmax>253</xmax>
			<ymin>752</ymin>
			<ymax>809</ymax>
		</bndbox>
	</object>
</annotation>
