<annotation>
	<folder></folder>
	<filename>IMG_3187_jpeg_jpg.rf.78bcf0210ca5e1fc46e9104fc27d60f7.jpg</filename>
	<path>IMG_3187_jpeg_jpg.rf.78bcf0210ca5e1fc46e9104fc27d60f7.jpg</path>
	<source>
		<database>roboflow.ai</database>
	</source>
	<size>
		<width>768</width>
		<height>1024</height>
		<depth>3</depth>
	</size>
	<segmented>0</segmented>
	<object>
		<name>starfish</name>
		<pose>Unspecified</pose>
		<truncated>0</truncated>
		<difficult>0</difficult>
		<occluded>0</occluded>
		<bndbox>
			<xmin>137</xmin>
			<xmax>361</xmax>
			<ymin>20</ymin>
			<ymax>304</ymax>
		</bndbox>
	</object>
	<object>
		<name>starfish</name>
		<pose>Unspecified</pose>
		<truncated>0</truncated>
		<difficult>0</difficult>
		<occluded>0</occluded>
		<bndbox>
			<xmin>578</xmin>
			<xmax>692</xmax>
			<ymin>373</ymin>
			<ymax>528</ymax>
		</bndbox>
	</object>
	<object>
		<name>starfish</name>
		<pose>Unspecified</pose>
		<truncated>0</truncated>
		<difficult>0</difficult>
		<occluded>0</occluded>
		<bndbox>
			<xmin>532</xmin>
			<xmax>648</xmax>
			<ymin>840</ymin>
			<ymax>957</ymax>
		</bndbox>
	</object>
	<object>
		<name>starfish</name>
		<pose>Unspecified</pose>
		<truncated>0</truncated>
		<difficult>0</difficult>
		<occluded>0</occluded>
		<bndbox>
			<xmin>429</xmin>
			<xmax>490</xmax>
			<ymin>401</ymin>
			<ymax>506</ymax>
		</bndbox>
	</object>
	<object>
		<name>starfish</name>
		<pose>Unspecified</pose>
		<truncated>0</truncated>
		<difficult>0</difficult>
		<occluded>0</occluded>
		<bndbox>
			<xmin>622</xmin>
			<xmax>692</xmax>
			<ymin>669</ymin>
			<ymax>768</ymax>
		</bndbox>
	</object>
</annotation>
