<annotation>
	<folder></folder>
	<filename>IMG_2629_jpeg_jpg.rf.123294d0d4c352dd3481382281ce7ab8.jpg</filename>
	<path>IMG_2629_jpeg_jpg.rf.123294d0d4c352dd3481382281ce7ab8.jpg</path>
	<source>
		<database>roboflow.ai</database>
	</source>
	<size>
		<width>768</width>
		<height>1024</height>
		<depth>3</depth>
	</size>
	<segmented>0</segmented>
	<object>
		<name>stingray</name>
		<pose>Unspecified</pose>
		<truncated>0</truncated>
		<difficult>0</difficult>
		<occluded>0</occluded>
		<bndbox>
			<xmin>22</xmin>
			<xmax>597</xmax>
			<ymin>267</ymin>
			<ymax>594</ymax>
		</bndbox>
	</object>
	<object>
		<name>stingray</name>
		<pose>Unspecified</pose>
		<truncated>0</truncated>
		<difficult>0</difficult>
		<occluded>0</occluded>
		<bndbox>
			<xmin>635</xmin>
			<xmax>768</xmax>
			<ymin>582</ymin>
			<ymax>801</ymax>
		</bndbox>
	</object>
</annotation>
