<annotation>
	<folder></folder>
	<filename>IMG_2652_jpeg_jpg.rf.40e0f7177b75d8d66623db50d4bcc84d.jpg</filename>
	<path>IMG_2652_jpeg_jpg.rf.40e0f7177b75d8d66623db50d4bcc84d.jpg</path>
	<source>
		<database>roboflow.ai</database>
	</source>
	<size>
		<width>768</width>
		<height>1024</height>
		<depth>3</depth>
	</size>
	<segmented>0</segmented>
	<object>
		<name>shark</name>
		<pose>Unspecified</pose>
		<truncated>0</truncated>
		<difficult>0</difficult>
		<occluded>0</occluded>
		<bndbox>
			<xmin>2</xmin>
			<xmax>687</xmax>
			<ymin>423</ymin>
			<ymax>744</ymax>
		</bndbox>
	</object>
	<object>
		<name>fish</name>
		<pose>Unspecified</pose>
		<truncated>0</truncated>
		<difficult>0</difficult>
		<occluded>0</occluded>
		<bndbox>
			<xmin>544</xmin>
			<xmax>582</xmax>
			<ymin>705</ymin>
			<ymax>853</ymax>
		</bndbox>
	</object>
	<object>
		<name>fish</name>
		<pose>Unspecified</pose>
		<truncated>0</truncated>
		<difficult>0</difficult>
		<occluded>0</occluded>
		<bndbox>
			<xmin>488</xmin>
			<xmax>627</xmax>
			<ymin>884</ymin>
			<ymax>989</ymax>
		</bndbox>
	</object>
</annotation>
