<annotation>
	<folder></folder>
	<filename>IMG_8376_jpg.rf.f129d46d1c4ae234b8aebe69ea012d64.jpg</filename>
	<path>IMG_8376_jpg.rf.f129d46d1c4ae234b8aebe69ea012d64.jpg</path>
	<source>
		<database>roboflow.ai</database>
	</source>
	<size>
		<width>1024</width>
		<height>768</height>
		<depth>3</depth>
	</size>
	<segmented>0</segmented>
	<object>
		<name>fish</name>
		<pose>Unspecified</pose>
		<truncated>0</truncated>
		<difficult>0</difficult>
		<occluded>0</occluded>
		<bndbox>
			<xmin>351</xmin>
			<xmax>469</xmax>
			<ymin>343</ymin>
			<ymax>565</ymax>
		</bndbox>
	</object>
	<object>
		<name>fish</name>
		<pose>Unspecified</pose>
		<truncated>0</truncated>
		<difficult>0</difficult>
		<occluded>0</occluded>
		<bndbox>
			<xmin>112</xmin>
			<xmax>173</xmax>
			<ymin>374</ymin>
			<ymax>484</ymax>
		</bndbox>
	</object>
	<object>
		<name>fish</name>
		<pose>Unspecified</pose>
		<truncated>0</truncated>
		<difficult>0</difficult>
		<occluded>0</occluded>
		<bndbox>
			<xmin>119</xmin>
			<xmax>215</xmax>
			<ymin>383</ymin>
			<ymax>576</ymax>
		</bndbox>
	</object>
</annotation>
