<annotation>
	<folder></folder>
	<filename>IMG_2516_jpeg_jpg.rf.6f719df754865fe6166afd0a3a78d60f.jpg</filename>
	<path>IMG_2516_jpeg_jpg.rf.6f719df754865fe6166afd0a3a78d60f.jpg</path>
	<source>
		<database>roboflow.ai</database>
	</source>
	<size>
		<width>768</width>
		<height>1024</height>
		<depth>3</depth>
	</size>
	<segmented>0</segmented>
	<object>
		<name>shark</name>
		<pose>Unspecified</pose>
		<truncated>0</truncated>
		<difficult>0</difficult>
		<occluded>0</occluded>
		<bndbox>
			<xmin>333</xmin>
			<xmax>488</xmax>
			<ymin>458</ymin>
			<ymax>611</ymax>
		</bndbox>
	</object>
</annotation>
