<annotation>
	<folder></folder>
	<filename>IMG_2313_jpeg_jpg.rf.c493f660b195b8edec3ee3fa0c626868.jpg</filename>
	<path>IMG_2313_jpeg_jpg.rf.c493f660b195b8edec3ee3fa0c626868.jpg</path>
	<source>
		<database>roboflow.ai</database>
	</source>
	<size>
		<width>768</width>
		<height>1024</height>
		<depth>3</depth>
	</size>
	<segmented>0</segmented>
	<object>
		<name>penguin</name>
		<pose>Unspecified</pose>
		<truncated>0</truncated>
		<difficult>0</difficult>
		<occluded>0</occluded>
		<bndbox>
			<xmin>232</xmin>
			<xmax>631</xmax>
			<ymin>412</ymin>
			<ymax>664</ymax>
		</bndbox>
	</object>
	<object>
		<name>penguin</name>
		<pose>Unspecified</pose>
		<truncated>0</truncated>
		<difficult>0</difficult>
		<occluded>0</occluded>
		<bndbox>
			<xmin>276</xmin>
			<xmax>371</xmax>
			<ymin>151</ymin>
			<ymax>262</ymax>
		</bndbox>
	</object>
	<object>
		<name>penguin</name>
		<pose>Unspecified</pose>
		<truncated>0</truncated>
		<difficult>0</difficult>
		<occluded>0</occluded>
		<bndbox>
			<xmin>729</xmin>
			<xmax>765</xmax>
			<ymin>62</ymin>
			<ymax>137</ymax>
		</bndbox>
	</object>
	<object>
		<name>penguin</name>
		<pose>Unspecified</pose>
		<truncated>0</truncated>
		<difficult>0</difficult>
		<occluded>0</occluded>
		<bndbox>
			<xmin>544</xmin>
			<xmax>598</xmax>
			<ymin>85</ymin>
			<ymax>149</ymax>
		</bndbox>
	</object>
	<object>
		<name>penguin</name>
		<pose>Unspecified</pose>
		<truncated>0</truncated>
		<difficult>0</difficult>
		<occluded>0</occluded>
		<bndbox>
			<xmin>680</xmin>
			<xmax>731</xmax>
			<ymin>83</ymin>
			<ymax>147</ymax>
		</bndbox>
	</object>
	<object>
		<name>penguin</name>
		<pose>Unspecified</pose>
		<truncated>0</truncated>
		<difficult>0</difficult>
		<occluded>0</occluded>
		<bndbox>
			<xmin>246</xmin>
			<xmax>360</xmax>
			<ymin>255</ymin>
			<ymax>315</ymax>
		</bndbox>
	</object>
	<object>
		<name>penguin</name>
		<pose>Unspecified</pose>
		<truncated>0</truncated>
		<difficult>0</difficult>
		<occluded>0</occluded>
		<bndbox>
			<xmin>586</xmin>
			<xmax>624</xmax>
			<ymin>85</ymin>
			<ymax>142</ymax>
		</bndbox>
	</object>
	<object>
		<name>penguin</name>
		<pose>Unspecified</pose>
		<truncated>0</truncated>
		<difficult>0</difficult>
		<occluded>0</occluded>
		<bndbox>
			<xmin>422</xmin>
			<xmax>476</xmax>
			<ymin>97</ymin>
			<ymax>148</ymax>
		</bndbox>
	</object>
	<object>
		<name>penguin</name>
		<pose>Unspecified</pose>
		<truncated>0</truncated>
		<difficult>0</difficult>
		<occluded>0</occluded>
		<bndbox>
			<xmin>620</xmin>
			<xmax>674</xmax>
			<ymin>105</ymin>
			<ymax>135</ymax>
		</bndbox>
	</object>
	<object>
		<name>penguin</name>
		<pose>Unspecified</pose>
		<truncated>0</truncated>
		<difficult>0</difficult>
		<occluded>0</occluded>
		<bndbox>
			<xmin>497</xmin>
			<xmax>532</xmax>
			<ymin>94</ymin>
			<ymax>139</ymax>
		</bndbox>
	</object>
</annotation>
