<annotation>
	<folder></folder>
	<filename>IMG_3160_jpeg_jpg.rf.05d38ee75197d98ea070e8aa03a5bfcb.jpg</filename>
	<path>IMG_3160_jpeg_jpg.rf.05d38ee75197d98ea070e8aa03a5bfcb.jpg</path>
	<source>
		<database>roboflow.ai</database>
	</source>
	<size>
		<width>768</width>
		<height>1024</height>
		<depth>3</depth>
	</size>
	<segmented>0</segmented>
	<object>
		<name>puffin</name>
		<pose>Unspecified</pose>
		<truncated>0</truncated>
		<difficult>0</difficult>
		<occluded>0</occluded>
		<bndbox>
			<xmin>279</xmin>
			<xmax>465</xmax>
			<ymin>549</ymin>
			<ymax>744</ymax>
		</bndbox>
	</object>
</annotation>
