<annotation>
	<folder></folder>
	<filename>IMG_2372_jpeg_jpg.rf.ea92b226d1699c4cb4276758024ffb3a.jpg</filename>
	<path>IMG_2372_jpeg_jpg.rf.ea92b226d1699c4cb4276758024ffb3a.jpg</path>
	<source>
		<database>roboflow.ai</database>
	</source>
	<size>
		<width>768</width>
		<height>1024</height>
		<depth>3</depth>
	</size>
	<segmented>0</segmented>
	<object>
		<name>fish</name>
		<pose>Unspecified</pose>
		<truncated>0</truncated>
		<difficult>0</difficult>
		<occluded>0</occluded>
		<bndbox>
			<xmin>285</xmin>
			<xmax>622</xmax>
			<ymin>447</ymin>
			<ymax>739</ymax>
		</bndbox>
	</object>
	<object>
		<name>fish</name>
		<pose>Unspecified</pose>
		<truncated>0</truncated>
		<difficult>0</difficult>
		<occluded>0</occluded>
		<bndbox>
			<xmin>443</xmin>
			<xmax>768</xmax>
			<ymin>751</ymin>
			<ymax>1016</ymax>
		</bndbox>
	</object>
</annotation>
