<annotation>
	<folder></folder>
	<filename>IMG_8578_MOV-1_jpg.rf.7ba2500fc572cf5045ab9880ae2ed106.jpg</filename>
	<path>IMG_8578_MOV-1_jpg.rf.7ba2500fc572cf5045ab9880ae2ed106.jpg</path>
	<source>
		<database>roboflow.ai</database>
	</source>
	<size>
		<width>1024</width>
		<height>576</height>
		<depth>3</depth>
	</size>
	<segmented>0</segmented>
	<object>
		<name>shark</name>
		<pose>Unspecified</pose>
		<truncated>0</truncated>
		<difficult>0</difficult>
		<occluded>0</occluded>
		<bndbox>
			<xmin>128</xmin>
			<xmax>559</xmax>
			<ymin>163</ymin>
			<ymax>463</ymax>
		</bndbox>
	</object>
</annotation>
