<annotation>
	<folder></folder>
	<filename>IMG_2286_jpeg_jpg.rf.bbcb2046dedb8e1fb3a9519848c1a4c2.jpg</filename>
	<path>IMG_2286_jpeg_jpg.rf.bbcb2046dedb8e1fb3a9519848c1a4c2.jpg</path>
	<source>
		<database>roboflow.ai</database>
	</source>
	<size>
		<width>768</width>
		<height>1024</height>
		<depth>3</depth>
	</size>
	<segmented>0</segmented>
	<object>
		<name>puffin</name>
		<pose>Unspecified</pose>
		<truncated>0</truncated>
		<difficult>0</difficult>
		<occluded>0</occluded>
		<bndbox>
			<xmin>177</xmin>
			<xmax>648</xmax>
			<ymin>399</ymin>
			<ymax>588</ymax>
		</bndbox>
	</object>
	<object>
		<name>puffin</name>
		<pose>Unspecified</pose>
		<truncated>0</truncated>
		<difficult>0</difficult>
		<occluded>0</occluded>
		<bndbox>
			<xmin>562</xmin>
			<xmax>687</xmax>
			<ymin>89</ymin>
			<ymax>262</ymax>
		</bndbox>
	</object>
	<object>
		<name>puffin</name>
		<pose>Unspecified</pose>
		<truncated>0</truncated>
		<difficult>0</difficult>
		<occluded>0</occluded>
		<bndbox>
			<xmin>482</xmin>
			<xmax>547</xmax>
			<ymin>109</ymin>
			<ymax>271</ymax>
		</bndbox>
	</object>
	<object>
		<name>puffin</name>
		<pose>Unspecified</pose>
		<truncated>0</truncated>
		<difficult>0</difficult>
		<occluded>0</occluded>
		<bndbox>
			<xmin>619</xmin>
			<xmax>712</xmax>
			<ymin>104</ymin>
			<ymax>253</ymax>
		</bndbox>
	</object>
</annotation>
