<annotation>
	<folder></folder>
	<filename>IMG_2298_jpeg_jpg.rf.45a350037d7622eacf2a1a188b28fb54.jpg</filename>
	<path>IMG_2298_jpeg_jpg.rf.45a350037d7622eacf2a1a188b28fb54.jpg</path>
	<source>
		<database>roboflow.ai</database>
	</source>
	<size>
		<width>768</width>
		<height>1024</height>
		<depth>3</depth>
	</size>
	<segmented>0</segmented>
	<object>
		<name>puffin</name>
		<pose>Unspecified</pose>
		<truncated>0</truncated>
		<difficult>0</difficult>
		<occluded>0</occluded>
		<bndbox>
			<xmin>123</xmin>
			<xmax>208</xmax>
			<ymin>351</ymin>
			<ymax>444</ymax>
		</bndbox>
	</object>
	<object>
		<name>puffin</name>
		<pose>Unspecified</pose>
		<truncated>0</truncated>
		<difficult>0</difficult>
		<occluded>0</occluded>
		<bndbox>
			<xmin>436</xmin>
			<xmax>502</xmax>
			<ymin>306</ymin>
			<ymax>397</ymax>
		</bndbox>
	</object>
	<object>
		<name>puffin</name>
		<pose>Unspecified</pose>
		<truncated>0</truncated>
		<difficult>0</difficult>
		<occluded>0</occluded>
		<bndbox>
			<xmin>186</xmin>
			<xmax>267</xmax>
			<ymin>338</ymin>
			<ymax>424</ymax>
		</bndbox>
	</object>
	<object>
		<name>puffin</name>
		<pose>Unspecified</pose>
		<truncated>0</truncated>
		<difficult>0</difficult>
		<occluded>0</occluded>
		<bndbox>
			<xmin>517</xmin>
			<xmax>581</xmax>
			<ymin>181</ymin>
			<ymax>265</ymax>
		</bndbox>
	</object>
	<object>
		<name>puffin</name>
		<pose>Unspecified</pose>
		<truncated>0</truncated>
		<difficult>0</difficult>
		<occluded>0</occluded>
		<bndbox>
			<xmin>273</xmin>
			<xmax>345</xmax>
			<ymin>362</ymin>
			<ymax>435</ymax>
		</bndbox>
	</object>
	<object>
		<name>puffin</name>
		<pose>Unspecified</pose>
		<truncated>0</truncated>
		<difficult>0</difficult>
		<occluded>0</occluded>
		<bndbox>
			<xmin>233</xmin>
			<xmax>293</xmax>
			<ymin>364</ymin>
			<ymax>434</ymax>
		</bndbox>
	</object>
	<object>
		<name>puffin</name>
		<pose>Unspecified</pose>
		<truncated>0</truncated>
		<difficult>0</difficult>
		<occluded>0</occluded>
		<bndbox>
			<xmin>361</xmin>
			<xmax>426</xmax>
			<ymin>403</ymin>
			<ymax>456</ymax>
		</bndbox>
	</object>
	<object>
		<name>puffin</name>
		<pose>Unspecified</pose>
		<truncated>0</truncated>
		<difficult>0</difficult>
		<occluded>0</occluded>
		<bndbox>
			<xmin>290</xmin>
			<xmax>336</xmax>
			<ymin>353</ymin>
			<ymax>396</ymax>
		</bndbox>
	</object>
	<object>
		<name>puffin</name>
		<pose>Unspecified</pose>
		<truncated>0</truncated>
		<difficult>0</difficult>
		<occluded>0</occluded>
		<bndbox>
			<xmin>603</xmin>
			<xmax>663</xmax>
			<ymin>231</ymin>
			<ymax>266</ymax>
		</bndbox>
	</object>
</annotation>
