<annotation>
	<folder></folder>
	<filename>IMG_2627_jpeg_jpg.rf.71ea24ceb65b886d6f148dbd31f451d1.jpg</filename>
	<path>IMG_2627_jpeg_jpg.rf.71ea24ceb65b886d6f148dbd31f451d1.jpg</path>
	<source>
		<database>roboflow.ai</database>
	</source>
	<size>
		<width>768</width>
		<height>1024</height>
		<depth>3</depth>
	</size>
	<segmented>0</segmented>
	<object>
		<name>stingray</name>
		<pose>Unspecified</pose>
		<truncated>0</truncated>
		<difficult>0</difficult>
		<occluded>0</occluded>
		<bndbox>
			<xmin>128</xmin>
			<xmax>595</xmax>
			<ymin>256</ymin>
			<ymax>817</ymax>
		</bndbox>
	</object>
</annotation>
