<annotation>
	<folder></folder>
	<filename>IMG_8494_jpg.rf.a68f75721ae7ee1a6bf2caa88aab6cc1.jpg</filename>
	<path>IMG_8494_jpg.rf.a68f75721ae7ee1a6bf2caa88aab6cc1.jpg</path>
	<source>
		<database>roboflow.ai</database>
	</source>
	<size>
		<width>1024</width>
		<height>768</height>
		<depth>3</depth>
	</size>
	<segmented>0</segmented>
	<object>
		<name>fish</name>
		<pose>Unspecified</pose>
		<truncated>0</truncated>
		<difficult>0</difficult>
		<occluded>0</occluded>
		<bndbox>
			<xmin>437</xmin>
			<xmax>514</xmax>
			<ymin>329</ymin>
			<ymax>711</ymax>
		</bndbox>
	</object>
	<object>
		<name>shark</name>
		<pose>Unspecified</pose>
		<truncated>0</truncated>
		<difficult>0</difficult>
		<occluded>0</occluded>
		<bndbox>
			<xmin>397</xmin>
			<xmax>501</xmax>
			<ymin>127</ymin>
			<ymax>272</ymax>
		</bndbox>
	</object>
	<object>
		<name>shark</name>
		<pose>Unspecified</pose>
		<truncated>0</truncated>
		<difficult>0</difficult>
		<occluded>0</occluded>
		<bndbox>
			<xmin>424</xmin>
			<xmax>534</xmax>
			<ymin>631</ymin>
			<ymax>768</ymax>
		</bndbox>
	</object>
</annotation>
