<annotation>
	<folder></folder>
	<filename>IMG_3142_jpeg_jpg.rf.a6c10fb5c976d1f187eea2ee29fd7fe0.jpg</filename>
	<path>IMG_3142_jpeg_jpg.rf.a6c10fb5c976d1f187eea2ee29fd7fe0.jpg</path>
	<source>
		<database>roboflow.ai</database>
	</source>
	<size>
		<width>768</width>
		<height>1024</height>
		<depth>3</depth>
	</size>
	<segmented>0</segmented>
	<object>
		<name>puffin</name>
		<pose>Unspecified</pose>
		<truncated>0</truncated>
		<difficult>0</difficult>
		<occluded>0</occluded>
		<bndbox>
			<xmin>81</xmin>
			<xmax>278</xmax>
			<ymin>50</ymin>
			<ymax>156</ymax>
		</bndbox>
	</object>
	<object>
		<name>puffin</name>
		<pose>Unspecified</pose>
		<truncated>0</truncated>
		<difficult>0</difficult>
		<occluded>0</occluded>
		<bndbox>
			<xmin>279</xmin>
			<xmax>394</xmax>
			<ymin>519</ymin>
			<ymax>595</ymax>
		</bndbox>
	</object>
	<object>
		<name>puffin</name>
		<pose>Unspecified</pose>
		<truncated>0</truncated>
		<difficult>0</difficult>
		<occluded>0</occluded>
		<bndbox>
			<xmin>63</xmin>
			<xmax>212</xmax>
			<ymin>240</ymin>
			<ymax>367</ymax>
		</bndbox>
	</object>
</annotation>
