<annotation>
	<folder></folder>
	<filename>IMG_3122_jpeg_jpg.rf.e9a29910dc8281cd1709baad92212e23.jpg</filename>
	<path>IMG_3122_jpeg_jpg.rf.e9a29910dc8281cd1709baad92212e23.jpg</path>
	<source>
		<database>roboflow.ai</database>
	</source>
	<size>
		<width>768</width>
		<height>1024</height>
		<depth>3</depth>
	</size>
	<segmented>0</segmented>
	<object>
		<name>starfish</name>
		<pose>Unspecified</pose>
		<truncated>0</truncated>
		<difficult>0</difficult>
		<occluded>0</occluded>
		<bndbox>
			<xmin>2</xmin>
			<xmax>614</xmax>
			<ymin>70</ymin>
			<ymax>728</ymax>
		</bndbox>
	</object>
	<object>
		<name>starfish</name>
		<pose>Unspecified</pose>
		<truncated>0</truncated>
		<difficult>0</difficult>
		<occluded>0</occluded>
		<bndbox>
			<xmin>450</xmin>
			<xmax>747</xmax>
			<ymin>533</ymin>
			<ymax>818</ymax>
		</bndbox>
	</object>
</annotation>
