<annotation>
	<folder></folder>
	<filename>IMG_2540_jpeg_jpg.rf.648b31d1066b616be81fb9447de85358.jpg</filename>
	<path>IMG_2540_jpeg_jpg.rf.648b31d1066b616be81fb9447de85358.jpg</path>
	<source>
		<database>roboflow.ai</database>
	</source>
	<size>
		<width>768</width>
		<height>1024</height>
		<depth>3</depth>
	</size>
	<segmented>0</segmented>
	<object>
		<name>starfish</name>
		<pose>Unspecified</pose>
		<truncated>0</truncated>
		<difficult>0</difficult>
		<occluded>0</occluded>
		<bndbox>
			<xmin>299</xmin>
			<xmax>561</xmax>
			<ymin>324</ymin>
			<ymax>710</ymax>
		</bndbox>
	</object>
</annotation>
