<annotation>
	<folder></folder>
	<filename>IMG_8519_jpg.rf.d10cb6cac5fa5d2e660cfca7d0f9ed14.jpg</filename>
	<path>IMG_8519_jpg.rf.d10cb6cac5fa5d2e660cfca7d0f9ed14.jpg</path>
	<source>
		<database>roboflow.ai</database>
	</source>
	<size>
		<width>1024</width>
		<height>768</height>
		<depth>3</depth>
	</size>
	<segmented>0</segmented>
	<object>
		<name>fish</name>
		<pose>Unspecified</pose>
		<truncated>0</truncated>
		<difficult>0</difficult>
		<occluded>0</occluded>
		<bndbox>
			<xmin>516</xmin>
			<xmax>546</xmax>
			<ymin>389</ymin>
			<ymax>444</ymax>
		</bndbox>
	</object>
	<object>
		<name>fish</name>
		<pose>Unspecified</pose>
		<truncated>0</truncated>
		<difficult>0</difficult>
		<occluded>0</occluded>
		<bndbox>
			<xmin>366</xmin>
			<xmax>392</xmax>
			<ymin>235</ymin>
			<ymax>260</ymax>
		</bndbox>
	</object>
</annotation>
