<annotation>
	<folder></folder>
	<filename>IMG_2375_jpeg_jpg.rf.ed73b2179f3b96fe3088456fc43a2cf5.jpg</filename>
	<path>IMG_2375_jpeg_jpg.rf.ed73b2179f3b96fe3088456fc43a2cf5.jpg</path>
	<source>
		<database>roboflow.ai</database>
	</source>
	<size>
		<width>768</width>
		<height>1024</height>
		<depth>3</depth>
	</size>
	<segmented>0</segmented>
	<object>
		<name>fish</name>
		<pose>Unspecified</pose>
		<truncated>0</truncated>
		<difficult>0</difficult>
		<occluded>0</occluded>
		<bndbox>
			<xmin>57</xmin>
			<xmax>762</xmax>
			<ymin>363</ymin>
			<ymax>721</ymax>
		</bndbox>
	</object>
</annotation>
