<annotation>
	<folder></folder>
	<filename>IMG_2295_jpeg_jpg.rf.498a525f58666743ef5d65b7f6438adc.jpg</filename>
	<path>IMG_2295_jpeg_jpg.rf.498a525f58666743ef5d65b7f6438adc.jpg</path>
	<source>
		<database>roboflow.ai</database>
	</source>
	<size>
		<width>768</width>
		<height>1024</height>
		<depth>3</depth>
	</size>
	<segmented>0</segmented>
	<object>
		<name>puffin</name>
		<pose>Unspecified</pose>
		<truncated>0</truncated>
		<difficult>0</difficult>
		<occluded>0</occluded>
		<bndbox>
			<xmin>346</xmin>
			<xmax>579</xmax>
			<ymin>431</ymin>
			<ymax>533</ymax>
		</bndbox>
	</object>
</annotation>
