<annotation>
	<folder></folder>
	<filename>IMG_2536_jpeg_jpg.rf.89879f0a6436d7634771fd7de97784f8.jpg</filename>
	<path>IMG_2536_jpeg_jpg.rf.89879f0a6436d7634771fd7de97784f8.jpg</path>
	<source>
		<database>roboflow.ai</database>
	</source>
	<size>
		<width>768</width>
		<height>1024</height>
		<depth>3</depth>
	</size>
	<segmented>0</segmented>
	<object>
		<name>starfish</name>
		<pose>Unspecified</pose>
		<truncated>0</truncated>
		<difficult>0</difficult>
		<occluded>0</occluded>
		<bndbox>
			<xmin>208</xmin>
			<xmax>571</xmax>
			<ymin>483</ymin>
			<ymax>726</ymax>
		</bndbox>
	</object>
</annotation>
