<annotation>
	<folder></folder>
	<filename>IMG_3128_jpeg_jpg.rf.68558c9a951e61ca99ae152b38026341.jpg</filename>
	<path>IMG_3128_jpeg_jpg.rf.68558c9a951e61ca99ae152b38026341.jpg</path>
	<source>
		<database>roboflow.ai</database>
	</source>
	<size>
		<width>768</width>
		<height>1024</height>
		<depth>3</depth>
	</size>
	<segmented>0</segmented>
	<object>
		<name>starfish</name>
		<pose>Unspecified</pose>
		<truncated>0</truncated>
		<difficult>0</difficult>
		<occluded>0</occluded>
		<bndbox>
			<xmin>288</xmin>
			<xmax>533</xmax>
			<ymin>419</ymin>
			<ymax>661</ymax>
		</bndbox>
	</object>
	<object>
		<name>fish</name>
		<pose>Unspecified</pose>
		<truncated>0</truncated>
		<difficult>0</difficult>
		<occluded>0</occluded>
		<bndbox>
			<xmin>425</xmin>
			<xmax>632</xmax>
			<ymin>194</ymin>
			<ymax>293</ymax>
		</bndbox>
	</object>
</annotation>
