<annotation>
	<folder></folder>
	<filename>IMG_8471_jpg.rf.ae5a71d679103fd7cba244719b0e3157.jpg</filename>
	<path>IMG_8471_jpg.rf.ae5a71d679103fd7cba244719b0e3157.jpg</path>
	<source>
		<database>roboflow.ai</database>
	</source>
	<size>
		<width>1024</width>
		<height>768</height>
		<depth>3</depth>
	</size>
	<segmented>0</segmented>
	<object>
		<name>fish</name>
		<pose>Unspecified</pose>
		<truncated>0</truncated>
		<difficult>0</difficult>
		<occluded>0</occluded>
		<bndbox>
			<xmin>301</xmin>
			<xmax>630</xmax>
			<ymin>172</ymin>
			<ymax>664</ymax>
		</bndbox>
	</object>
	<object>
		<name>fish</name>
		<pose>Unspecified</pose>
		<truncated>0</truncated>
		<difficult>0</difficult>
		<occluded>0</occluded>
		<bndbox>
			<xmin>117</xmin>
			<xmax>329</xmax>
			<ymin>322</ymin>
			<ymax>715</ymax>
		</bndbox>
	</object>
	<object>
		<name>fish</name>
		<pose>Unspecified</pose>
		<truncated>0</truncated>
		<difficult>0</difficult>
		<occluded>0</occluded>
		<bndbox>
			<xmin>25</xmin>
			<xmax>172</xmax>
			<ymin>438</ymin>
			<ymax>668</ymax>
		</bndbox>
	</object>
</annotation>
