<annotation>
	<folder></folder>
	<filename>IMG_2550_jpeg_jpg.rf.d8b525b14483fc250303ce4be356b57c.jpg</filename>
	<path>IMG_2550_jpeg_jpg.rf.d8b525b14483fc250303ce4be356b57c.jpg</path>
	<source>
		<database>roboflow.ai</database>
	</source>
	<size>
		<width>768</width>
		<height>1024</height>
		<depth>3</depth>
	</size>
	<segmented>0</segmented>
	<object>
		<name>stingray</name>
		<pose>Unspecified</pose>
		<truncated>0</truncated>
		<difficult>0</difficult>
		<occluded>0</occluded>
		<bndbox>
			<xmin>321</xmin>
			<xmax>628</xmax>
			<ymin>623</ymin>
			<ymax>790</ymax>
		</bndbox>
	</object>
</annotation>
