<annotation>
	<folder></folder>
	<filename>IMG_2369_jpeg_jpg.rf.9cae2a081c00b8db2b2998919e65d420.jpg</filename>
	<path>IMG_2369_jpeg_jpg.rf.9cae2a081c00b8db2b2998919e65d420.jpg</path>
	<source>
		<database>roboflow.ai</database>
	</source>
	<size>
		<width>768</width>
		<height>1024</height>
		<depth>3</depth>
	</size>
	<segmented>0</segmented>
	<object>
		<name>fish</name>
		<pose>Unspecified</pose>
		<truncated>0</truncated>
		<difficult>0</difficult>
		<occluded>0</occluded>
		<bndbox>
			<xmin>82</xmin>
			<xmax>558</xmax>
			<ymin>348</ymin>
			<ymax>698</ymax>
		</bndbox>
	</object>
	<object>
		<name>fish</name>
		<pose>Unspecified</pose>
		<truncated>0</truncated>
		<difficult>0</difficult>
		<occluded>0</occluded>
		<bndbox>
			<xmin>415</xmin>
			<xmax>723</xmax>
			<ymin>658</ymin>
			<ymax>1024</ymax>
		</bndbox>
	</object>
</annotation>
