<annotation>
	<folder></folder>
	<filename>IMG_2467_jpeg_jpg.rf.50fbe34360e324a8ebb9c0ed262373c1.jpg</filename>
	<path>IMG_2467_jpeg_jpg.rf.50fbe34360e324a8ebb9c0ed262373c1.jpg</path>
	<source>
		<database>roboflow.ai</database>
	</source>
	<size>
		<width>768</width>
		<height>1024</height>
		<depth>3</depth>
	</size>
	<segmented>0</segmented>
	<object>
		<name>jellyfish</name>
		<pose>Unspecified</pose>
		<truncated>0</truncated>
		<difficult>0</difficult>
		<occluded>0</occluded>
		<bndbox>
			<xmin>370</xmin>
			<xmax>587</xmax>
			<ymin>79</ymin>
			<ymax>272</ymax>
		</bndbox>
	</object>
	<object>
		<name>jellyfish</name>
		<pose>Unspecified</pose>
		<truncated>0</truncated>
		<difficult>0</difficult>
		<occluded>0</occluded>
		<bndbox>
			<xmin>493</xmin>
			<xmax>643</xmax>
			<ymin>450</ymin>
			<ymax>640</ymax>
		</bndbox>
	</object>
	<object>
		<name>jellyfish</name>
		<pose>Unspecified</pose>
		<truncated>0</truncated>
		<difficult>0</difficult>
		<occluded>0</occluded>
		<bndbox>
			<xmin>726</xmin>
			<xmax>769</xmax>
			<ymin>278</ymin>
			<ymax>418</ymax>
		</bndbox>
	</object>
	<object>
		<name>jellyfish</name>
		<pose>Unspecified</pose>
		<truncated>0</truncated>
		<difficult>0</difficult>
		<occluded>0</occluded>
		<bndbox>
			<xmin>127</xmin>
			<xmax>197</xmax>
			<ymin>604</ymin>
			<ymax>703</ymax>
		</bndbox>
	</object>
	<object>
		<name>jellyfish</name>
		<pose>Unspecified</pose>
		<truncated>0</truncated>
		<difficult>0</difficult>
		<occluded>0</occluded>
		<bndbox>
			<xmin>266</xmin>
			<xmax>384</xmax>
			<ymin>389</ymin>
			<ymax>483</ymax>
		</bndbox>
	</object>
	<object>
		<name>jellyfish</name>
		<pose>Unspecified</pose>
		<truncated>0</truncated>
		<difficult>0</difficult>
		<occluded>0</occluded>
		<bndbox>
			<xmin>333</xmin>
			<xmax>458</xmax>
			<ymin>793</ymin>
			<ymax>883</ymax>
		</bndbox>
	</object>
	<object>
		<name>jellyfish</name>
		<pose>Unspecified</pose>
		<truncated>0</truncated>
		<difficult>0</difficult>
		<occluded>0</occluded>
		<bndbox>
			<xmin>1</xmin>
			<xmax>48</xmax>
			<ymin>730</ymin>
			<ymax>789</ymax>
		</bndbox>
	</object>
	<object>
		<name>jellyfish</name>
		<pose>Unspecified</pose>
		<truncated>0</truncated>
		<difficult>0</difficult>
		<occluded>0</occluded>
		<bndbox>
			<xmin>146</xmin>
			<xmax>251</xmax>
			<ymin>385</ymin>
			<ymax>442</ymax>
		</bndbox>
	</object>
	<object>
		<name>jellyfish</name>
		<pose>Unspecified</pose>
		<truncated>0</truncated>
		<difficult>0</difficult>
		<occluded>0</occluded>
		<bndbox>
			<xmin>453</xmin>
			<xmax>514</xmax>
			<ymin>868</ymin>
			<ymax>914</ymax>
		</bndbox>
	</object>
	<object>
		<name>jellyfish</name>
		<pose>Unspecified</pose>
		<truncated>0</truncated>
		<difficult>0</difficult>
		<occluded>0</occluded>
		<bndbox>
			<xmin>544</xmin>
			<xmax>696</xmax>
			<ymin>888</ymin>
			<ymax>967</ymax>
		</bndbox>
	</object>
</annotation>
