<annotation>
	<folder></folder>
	<filename>IMG_8571_MOV-2_jpg.rf.6620ac28d99d209e5681394478eb5993.jpg</filename>
	<path>IMG_8571_MOV-2_jpg.rf.6620ac28d99d209e5681394478eb5993.jpg</path>
	<source>
		<database>roboflow.ai</database>
	</source>
	<size>
		<width>576</width>
		<height>1024</height>
		<depth>3</depth>
	</size>
	<segmented>0</segmented>
	<object>
		<name>fish</name>
		<pose>Unspecified</pose>
		<truncated>0</truncated>
		<difficult>0</difficult>
		<occluded>0</occluded>
		<bndbox>
			<xmin>500</xmin>
			<xmax>576</xmax>
			<ymin>246</ymin>
			<ymax>362</ymax>
		</bndbox>
	</object>
	<object>
		<name>shark</name>
		<pose>Unspecified</pose>
		<truncated>0</truncated>
		<difficult>0</difficult>
		<occluded>0</occluded>
		<bndbox>
			<xmin>1</xmin>
			<xmax>524</xmax>
			<ymin>494</ymin>
			<ymax>671</ymax>
		</bndbox>
	</object>
</annotation>
