<annotation>
	<folder></folder>
	<filename>IMG_2611_jpeg_jpg.rf.dbd7d022107e21b1ff23e3b75b6f81ea.jpg</filename>
	<path>IMG_2611_jpeg_jpg.rf.dbd7d022107e21b1ff23e3b75b6f81ea.jpg</path>
	<source>
		<database>roboflow.ai</database>
	</source>
	<size>
		<width>768</width>
		<height>1024</height>
		<depth>3</depth>
	</size>
	<segmented>0</segmented>
	<object>
		<name>stingray</name>
		<pose>Unspecified</pose>
		<truncated>0</truncated>
		<difficult>0</difficult>
		<occluded>0</occluded>
		<bndbox>
			<xmin>331</xmin>
			<xmax>498</xmax>
			<ymin>439</ymin>
			<ymax>591</ymax>
		</bndbox>
	</object>
	<object>
		<name>fish</name>
		<pose>Unspecified</pose>
		<truncated>0</truncated>
		<difficult>0</difficult>
		<occluded>0</occluded>
		<bndbox>
			<xmin>623</xmin>
			<xmax>741</xmax>
			<ymin>585</ymin>
			<ymax>685</ymax>
		</bndbox>
	</object>
	<object>
		<name>fish</name>
		<pose>Unspecified</pose>
		<truncated>0</truncated>
		<difficult>0</difficult>
		<occluded>0</occluded>
		<bndbox>
			<xmin>509</xmin>
			<xmax>618</xmax>
			<ymin>564</ymin>
			<ymax>643</ymax>
		</bndbox>
	</object>
	<object>
		<name>shark</name>
		<pose>Unspecified</pose>
		<truncated>0</truncated>
		<difficult>0</difficult>
		<occluded>0</occluded>
		<bndbox>
			<xmin>448</xmin>
			<xmax>769</xmax>
			<ymin>101</ymin>
			<ymax>257</ymax>
		</bndbox>
	</object>
</annotation>
