<annotation>
	<folder></folder>
	<filename>IMG_8517_MOV-6_jpg.rf.951387a4d17ab16e6d56234d3046ddfd.jpg</filename>
	<path>IMG_8517_MOV-6_jpg.rf.951387a4d17ab16e6d56234d3046ddfd.jpg</path>
	<source>
		<database>roboflow.ai</database>
	</source>
	<size>
		<width>1024</width>
		<height>576</height>
		<depth>3</depth>
	</size>
	<segmented>0</segmented>
	<object>
		<name>fish</name>
		<pose>Unspecified</pose>
		<truncated>0</truncated>
		<difficult>0</difficult>
		<occluded>0</occluded>
		<bndbox>
			<xmin>62</xmin>
			<xmax>252</xmax>
			<ymin>67</ymin>
			<ymax>166</ymax>
		</bndbox>
	</object>
	<object>
		<name>fish</name>
		<pose>Unspecified</pose>
		<truncated>0</truncated>
		<difficult>0</difficult>
		<occluded>0</occluded>
		<bndbox>
			<xmin>568</xmin>
			<xmax>820</xmax>
			<ymin>280</ymin>
			<ymax>423</ymax>
		</bndbox>
	</object>
	<object>
		<name>fish</name>
		<pose>Unspecified</pose>
		<truncated>0</truncated>
		<difficult>0</difficult>
		<occluded>0</occluded>
		<bndbox>
			<xmin>153</xmin>
			<xmax>273</xmax>
			<ymin>94</ymin>
			<ymax>174</ymax>
		</bndbox>
	</object>
	<object>
		<name>fish</name>
		<pose>Unspecified</pose>
		<truncated>0</truncated>
		<difficult>0</difficult>
		<occluded>0</occluded>
		<bndbox>
			<xmin>498</xmin>
			<xmax>514</xmax>
			<ymin>193</ymin>
			<ymax>209</ymax>
		</bndbox>
	</object>
	<object>
		<name>fish</name>
		<pose>Unspecified</pose>
		<truncated>0</truncated>
		<difficult>0</difficult>
		<occluded>0</occluded>
		<bndbox>
			<xmin>538</xmin>
			<xmax>559</xmax>
			<ymin>181</ymin>
			<ymax>200</ymax>
		</bndbox>
	</object>
</annotation>
