<annotation>
	<folder></folder>
	<filename>IMG_2623_jpeg_jpg.rf.0af1f3048c78df2f0f8dc887ff548198.jpg</filename>
	<path>IMG_2623_jpeg_jpg.rf.0af1f3048c78df2f0f8dc887ff548198.jpg</path>
	<source>
		<database>roboflow.ai</database>
	</source>
	<size>
		<width>768</width>
		<height>1024</height>
		<depth>3</depth>
	</size>
	<segmented>0</segmented>
	<object>
		<name>stingray</name>
		<pose>Unspecified</pose>
		<truncated>0</truncated>
		<difficult>0</difficult>
		<occluded>0</occluded>
		<bndbox>
			<xmin>129</xmin>
			<xmax>695</xmax>
			<ymin>471</ymin>
			<ymax>736</ymax>
		</bndbox>
	</object>
</annotation>
