<annotation>
	<folder></folder>
	<filename>IMG_8468_jpg.rf.6a748d130991418e3da8737f17ba5e73.jpg</filename>
	<path>IMG_8468_jpg.rf.6a748d130991418e3da8737f17ba5e73.jpg</path>
	<source>
		<database>roboflow.ai</database>
	</source>
	<size>
		<width>1024</width>
		<height>768</height>
		<depth>3</depth>
	</size>
	<segmented>0</segmented>
	<object>
		<name>fish</name>
		<pose>Unspecified</pose>
		<truncated>0</truncated>
		<difficult>0</difficult>
		<occluded>0</occluded>
		<bndbox>
			<xmin>348</xmin>
			<xmax>483</xmax>
			<ymin>176</ymin>
			<ymax>404</ymax>
		</bndbox>
	</object>
	<object>
		<name>fish</name>
		<pose>Unspecified</pose>
		<truncated>0</truncated>
		<difficult>0</difficult>
		<occluded>0</occluded>
		<bndbox>
			<xmin>531</xmin>
			<xmax>611</xmax>
			<ymin>2</ymin>
			<ymax>160</ymax>
		</bndbox>
	</object>
	<object>
		<name>fish</name>
		<pose>Unspecified</pose>
		<truncated>0</truncated>
		<difficult>0</difficult>
		<occluded>0</occluded>
		<bndbox>
			<xmin>366</xmin>
			<xmax>505</xmax>
			<ymin>441</ymin>
			<ymax>599</ymax>
		</bndbox>
	</object>
</annotation>
