<annotation>
	<folder></folder>
	<filename>IMG_2650_jpeg_jpg.rf.1afc879d751b50c9d8c935269e8995ff.jpg</filename>
	<path>IMG_2650_jpeg_jpg.rf.1afc879d751b50c9d8c935269e8995ff.jpg</path>
	<source>
		<database>roboflow.ai</database>
	</source>
	<size>
		<width>768</width>
		<height>1024</height>
		<depth>3</depth>
	</size>
	<segmented>0</segmented>
	<object>
		<name>stingray</name>
		<pose>Unspecified</pose>
		<truncated>0</truncated>
		<difficult>0</difficult>
		<occluded>0</occluded>
		<bndbox>
			<xmin>229</xmin>
			<xmax>570</xmax>
			<ymin>437</ymin>
			<ymax>676</ymax>
		</bndbox>
	</object>
	<object>
		<name>stingray</name>
		<pose>Unspecified</pose>
		<truncated>0</truncated>
		<difficult>0</difficult>
		<occluded>0</occluded>
		<bndbox>
			<xmin>317</xmin>
			<xmax>478</xmax>
			<ymin>279</ymin>
			<ymax>407</ymax>
		</bndbox>
	</object>
	<object>
		<name>fish</name>
		<pose>Unspecified</pose>
		<truncated>0</truncated>
		<difficult>0</difficult>
		<occluded>0</occluded>
		<bndbox>
			<xmin>656</xmin>
			<xmax>768</xmax>
			<ymin>625</ymin>
			<ymax>707</ymax>
		</bndbox>
	</object>
</annotation>
