<annotation>
	<folder></folder>
	<filename>IMG_2656_jpeg_jpg.rf.a541b5b12110ebe4290c1c606ecb1f6a.jpg</filename>
	<path>IMG_2656_jpeg_jpg.rf.a541b5b12110ebe4290c1c606ecb1f6a.jpg</path>
	<source>
		<database>roboflow.ai</database>
	</source>
	<size>
		<width>768</width>
		<height>1024</height>
		<depth>3</depth>
	</size>
	<segmented>0</segmented>
	<object>
		<name>stingray</name>
		<pose>Unspecified</pose>
		<truncated>0</truncated>
		<difficult>0</difficult>
		<occluded>0</occluded>
		<bndbox>
			<xmin>366</xmin>
			<xmax>493</xmax>
			<ymin>523</ymin>
			<ymax>578</ymax>
		</bndbox>
	</object>
	<object>
		<name>stingray</name>
		<pose>Unspecified</pose>
		<truncated>0</truncated>
		<difficult>0</difficult>
		<occluded>0</occluded>
		<bndbox>
			<xmin>363</xmin>
			<xmax>492</xmax>
			<ymin>334</ymin>
			<ymax>386</ymax>
		</bndbox>
	</object>
</annotation>
