<annotation>
	<folder></folder>
	<filename>IMG_8410_jpg.rf.080d0f9f09ffb56da86e800ed8e37df7.jpg</filename>
	<path>IMG_8410_jpg.rf.080d0f9f09ffb56da86e800ed8e37df7.jpg</path>
	<source>
		<database>roboflow.ai</database>
	</source>
	<size>
		<width>1024</width>
		<height>768</height>
		<depth>3</depth>
	</size>
	<segmented>0</segmented>
	<object>
		<name>shark</name>
		<pose>Unspecified</pose>
		<truncated>0</truncated>
		<difficult>0</difficult>
		<occluded>0</occluded>
		<bndbox>
			<xmin>396</xmin>
			<xmax>665</xmax>
			<ymin>199</ymin>
			<ymax>656</ymax>
		</bndbox>
	</object>
</annotation>
