<annotation>
	<folder></folder>
	<filename>IMG_8560_jpg.rf.44a3f330855373c73485e4909aedabaa.jpg</filename>
	<path>IMG_8560_jpg.rf.44a3f330855373c73485e4909aedabaa.jpg</path>
	<source>
		<database>roboflow.ai</database>
	</source>
	<size>
		<width>1024</width>
		<height>768</height>
		<depth>3</depth>
	</size>
	<segmented>0</segmented>
	<object>
		<name>fish</name>
		<pose>Unspecified</pose>
		<truncated>0</truncated>
		<difficult>0</difficult>
		<occluded>0</occluded>
		<bndbox>
			<xmin>322</xmin>
			<xmax>697</xmax>
			<ymin>85</ymin>
			<ymax>747</ymax>
		</bndbox>
	</object>
	<object>
		<name>fish</name>
		<pose>Unspecified</pose>
		<truncated>0</truncated>
		<difficult>0</difficult>
		<occluded>0</occluded>
		<bndbox>
			<xmin>578</xmin>
			<xmax>707</xmax>
			<ymin>91</ymin>
			<ymax>194</ymax>
		</bndbox>
	</object>
	<object>
		<name>fish</name>
		<pose>Unspecified</pose>
		<truncated>0</truncated>
		<difficult>0</difficult>
		<occluded>0</occluded>
		<bndbox>
			<xmin>666</xmin>
			<xmax>788</xmax>
			<ymin>542</ymin>
			<ymax>769</ymax>
		</bndbox>
	</object>
</annotation>
