<annotation>
	<folder></folder>
	<filename>IMG_2620_jpeg_jpg.rf.b40034c707395cdd72e600eec10cf362.jpg</filename>
	<path>IMG_2620_jpeg_jpg.rf.b40034c707395cdd72e600eec10cf362.jpg</path>
	<source>
		<database>roboflow.ai</database>
	</source>
	<size>
		<width>768</width>
		<height>1024</height>
		<depth>3</depth>
	</size>
	<segmented>0</segmented>
	<object>
		<name>stingray</name>
		<pose>Unspecified</pose>
		<truncated>0</truncated>
		<difficult>0</difficult>
		<occluded>0</occluded>
		<bndbox>
			<xmin>312</xmin>
			<xmax>608</xmax>
			<ymin>341</ymin>
			<ymax>527</ymax>
		</bndbox>
	</object>
	<object>
		<name>fish</name>
		<pose>Unspecified</pose>
		<truncated>0</truncated>
		<difficult>0</difficult>
		<occluded>0</occluded>
		<bndbox>
			<xmin>616</xmin>
			<xmax>685</xmax>
			<ymin>687</ymin>
			<ymax>746</ymax>
		</bndbox>
	</object>
</annotation>
