<annotation>
	<folder></folder>
	<filename>IMG_2524_jpeg_jpg.rf.87f4a069ac66bc31523d434d04f9d2d6.jpg</filename>
	<path>IMG_2524_jpeg_jpg.rf.87f4a069ac66bc31523d434d04f9d2d6.jpg</path>
	<source>
		<database>roboflow.ai</database>
	</source>
	<size>
		<width>768</width>
		<height>1024</height>
		<depth>3</depth>
	</size>
	<segmented>0</segmented>
	<object>
		<name>puffin</name>
		<pose>Unspecified</pose>
		<truncated>0</truncated>
		<difficult>0</difficult>
		<occluded>0</occluded>
		<bndbox>
			<xmin>277</xmin>
			<xmax>609</xmax>
			<ymin>389</ymin>
			<ymax>709</ymax>
		</bndbox>
	</object>
</annotation>
