<annotation>
	<folder></folder>
	<filename>IMG_8531_jpg.rf.abe45b49de6d004d043f2e5bda2763bd.jpg</filename>
	<path>IMG_8531_jpg.rf.abe45b49de6d004d043f2e5bda2763bd.jpg</path>
	<source>
		<database>roboflow.ai</database>
	</source>
	<size>
		<width>1024</width>
		<height>768</height>
		<depth>3</depth>
	</size>
	<segmented>0</segmented>
	<object>
		<name>puffin</name>
		<pose>Unspecified</pose>
		<truncated>0</truncated>
		<difficult>0</difficult>
		<occluded>0</occluded>
		<bndbox>
			<xmin>282</xmin>
			<xmax>387</xmax>
			<ymin>137</ymin>
			<ymax>244</ymax>
		</bndbox>
	</object>
	<object>
		<name>puffin</name>
		<pose>Unspecified</pose>
		<truncated>0</truncated>
		<difficult>0</difficult>
		<occluded>0</occluded>
		<bndbox>
			<xmin>326</xmin>
			<xmax>495</xmax>
			<ymin>533</ymin>
			<ymax>681</ymax>
		</bndbox>
	</object>
	<object>
		<name>puffin</name>
		<pose>Unspecified</pose>
		<truncated>0</truncated>
		<difficult>0</difficult>
		<occluded>0</occluded>
		<bndbox>
			<xmin>288</xmin>
			<xmax>366</xmax>
			<ymin>441</ymin>
			<ymax>521</ymax>
		</bndbox>
	</object>
	<object>
		<name>puffin</name>
		<pose>Unspecified</pose>
		<truncated>0</truncated>
		<difficult>0</difficult>
		<occluded>0</occluded>
		<bndbox>
			<xmin>264</xmin>
			<xmax>339</xmax>
			<ymin>670</ymin>
			<ymax>758</ymax>
		</bndbox>
	</object>
</annotation>
