<annotation>
	<folder></folder>
	<filename>IMG_2576_jpeg_jpg.rf.4d42383c9a9d3043ca31f8f709d124ba.jpg</filename>
	<path>IMG_2576_jpeg_jpg.rf.4d42383c9a9d3043ca31f8f709d124ba.jpg</path>
	<source>
		<database>roboflow.ai</database>
	</source>
	<size>
		<width>768</width>
		<height>1024</height>
		<depth>3</depth>
	</size>
	<segmented>0</segmented>
	<object>
		<name>jellyfish</name>
		<pose>Unspecified</pose>
		<truncated>0</truncated>
		<difficult>0</difficult>
		<occluded>0</occluded>
		<bndbox>
			<xmin>231</xmin>
			<xmax>383</xmax>
			<ymin>115</ymin>
			<ymax>362</ymax>
		</bndbox>
	</object>
	<object>
		<name>jellyfish</name>
		<pose>Unspecified</pose>
		<truncated>0</truncated>
		<difficult>0</difficult>
		<occluded>0</occluded>
		<bndbox>
			<xmin>447</xmin>
			<xmax>631</xmax>
			<ymin>702</ymin>
			<ymax>894</ymax>
		</bndbox>
	</object>
	<object>
		<name>jellyfish</name>
		<pose>Unspecified</pose>
		<truncated>0</truncated>
		<difficult>0</difficult>
		<occluded>0</occluded>
		<bndbox>
			<xmin>547</xmin>
			<xmax>713</xmax>
			<ymin>393</ymin>
			<ymax>515</ymax>
		</bndbox>
	</object>
	<object>
		<name>jellyfish</name>
		<pose>Unspecified</pose>
		<truncated>0</truncated>
		<difficult>0</difficult>
		<occluded>0</occluded>
		<bndbox>
			<xmin>222</xmin>
			<xmax>378</xmax>
			<ymin>466</ymin>
			<ymax>583</ymax>
		</bndbox>
	</object>
	<object>
		<name>jellyfish</name>
		<pose>Unspecified</pose>
		<truncated>0</truncated>
		<difficult>0</difficult>
		<occluded>0</occluded>
		<bndbox>
			<xmin>264</xmin>
			<xmax>430</xmax>
			<ymin>601</ymin>
			<ymax>713</ymax>
		</bndbox>
	</object>
	<object>
		<name>jellyfish</name>
		<pose>Unspecified</pose>
		<truncated>0</truncated>
		<difficult>0</difficult>
		<occluded>0</occluded>
		<bndbox>
			<xmin>180</xmin>
			<xmax>282</xmax>
			<ymin>118</ymin>
			<ymax>195</ymax>
		</bndbox>
	</object>
	<object>
		<name>jellyfish</name>
		<pose>Unspecified</pose>
		<truncated>0</truncated>
		<difficult>0</difficult>
		<occluded>0</occluded>
		<bndbox>
			<xmin>728</xmin>
			<xmax>769</xmax>
			<ymin>431</ymin>
			<ymax>488</ymax>
		</bndbox>
	</object>
	<object>
		<name>jellyfish</name>
		<pose>Unspecified</pose>
		<truncated>0</truncated>
		<difficult>0</difficult>
		<occluded>0</occluded>
		<bndbox>
			<xmin>101</xmin>
			<xmax>230</xmax>
			<ymin>831</ymin>
			<ymax>975</ymax>
		</bndbox>
	</object>
</annotation>
