<annotation>
	<folder></folder>
	<filename>IMG_2595_jpeg_jpg.rf.1c8b482b1ad0ca6648e61b694ed4ee83.jpg</filename>
	<path>IMG_2595_jpeg_jpg.rf.1c8b482b1ad0ca6648e61b694ed4ee83.jpg</path>
	<source>
		<database>roboflow.ai</database>
	</source>
	<size>
		<width>768</width>
		<height>1024</height>
		<depth>3</depth>
	</size>
	<segmented>0</segmented>
	<object>
		<name>fish</name>
		<pose>Unspecified</pose>
		<truncated>0</truncated>
		<difficult>0</difficult>
		<occluded>0</occluded>
		<bndbox>
			<xmin>570</xmin>
			<xmax>676</xmax>
			<ymin>1</ymin>
			<ymax>75</ymax>
		</bndbox>
	</object>
	<object>
		<name>fish</name>
		<pose>Unspecified</pose>
		<truncated>0</truncated>
		<difficult>0</difficult>
		<occluded>0</occluded>
		<bndbox>
			<xmin>700</xmin>
			<xmax>760</xmax>
			<ymin>1</ymin>
			<ymax>71</ymax>
		</bndbox>
	</object>
	<object>
		<name>fish</name>
		<pose>Unspecified</pose>
		<truncated>0</truncated>
		<difficult>0</difficult>
		<occluded>0</occluded>
		<bndbox>
			<xmin>553</xmin>
			<xmax>645</xmax>
			<ymin>10</ymin>
			<ymax>74</ymax>
		</bndbox>
	</object>
	<object>
		<name>fish</name>
		<pose>Unspecified</pose>
		<truncated>0</truncated>
		<difficult>0</difficult>
		<occluded>0</occluded>
		<bndbox>
			<xmin>662</xmin>
			<xmax>746</xmax>
			<ymin>24</ymin>
			<ymax>86</ymax>
		</bndbox>
	</object>
	<object>
		<name>stingray</name>
		<pose>Unspecified</pose>
		<truncated>0</truncated>
		<difficult>0</difficult>
		<occluded>0</occluded>
		<bndbox>
			<xmin>90</xmin>
			<xmax>633</xmax>
			<ymin>123</ymin>
			<ymax>972</ymax>
		</bndbox>
	</object>
</annotation>
