<annotation>
	<folder></folder>
	<filename>IMG_2412_jpeg_jpg.rf.31034ae005fc4ba75a20f94f91e4bbc5.jpg</filename>
	<path>IMG_2412_jpeg_jpg.rf.31034ae005fc4ba75a20f94f91e4bbc5.jpg</path>
	<source>
		<database>roboflow.ai</database>
	</source>
	<size>
		<width>768</width>
		<height>1024</height>
		<depth>3</depth>
	</size>
	<segmented>0</segmented>
	<object>
		<name>fish</name>
		<pose>Unspecified</pose>
		<truncated>0</truncated>
		<difficult>0</difficult>
		<occluded>0</occluded>
		<bndbox>
			<xmin>122</xmin>
			<xmax>768</xmax>
			<ymin>402</ymin>
			<ymax>732</ymax>
		</bndbox>
	</object>
	<object>
		<name>fish</name>
		<pose>Unspecified</pose>
		<truncated>0</truncated>
		<difficult>0</difficult>
		<occluded>0</occluded>
		<bndbox>
			<xmin>39</xmin>
			<xmax>674</xmax>
			<ymin>246</ymin>
			<ymax>473</ymax>
		</bndbox>
	</object>
</annotation>
