<annotation>
	<folder></folder>
	<filename>IMG_2614_jpeg_jpg.rf.3e97fad88a0f36e45bd32ecd13a34be6.jpg</filename>
	<path>IMG_2614_jpeg_jpg.rf.3e97fad88a0f36e45bd32ecd13a34be6.jpg</path>
	<source>
		<database>roboflow.ai</database>
	</source>
	<size>
		<width>768</width>
		<height>1024</height>
		<depth>3</depth>
	</size>
	<segmented>0</segmented>
	<object>
		<name>shark</name>
		<pose>Unspecified</pose>
		<truncated>0</truncated>
		<difficult>0</difficult>
		<occluded>0</occluded>
		<bndbox>
			<xmin>55</xmin>
			<xmax>451</xmax>
			<ymin>770</ymin>
			<ymax>982</ymax>
		</bndbox>
	</object>
	<object>
		<name>stingray</name>
		<pose>Unspecified</pose>
		<truncated>0</truncated>
		<difficult>0</difficult>
		<occluded>0</occluded>
		<bndbox>
			<xmin>400</xmin>
			<xmax>545</xmax>
			<ymin>634</ymin>
			<ymax>736</ymax>
		</bndbox>
	</object>
	<object>
		<name>stingray</name>
		<pose>Unspecified</pose>
		<truncated>0</truncated>
		<difficult>0</difficult>
		<occluded>0</occluded>
		<bndbox>
			<xmin>386</xmin>
			<xmax>533</xmax>
			<ymin>52</ymin>
			<ymax>158</ymax>
		</bndbox>
	</object>
</annotation>
