<annotation>
	<folder></folder>
	<filename>IMG_2596_jpeg_jpg.rf.55aa05115a4c3f538df4e9941af1396d.jpg</filename>
	<path>IMG_2596_jpeg_jpg.rf.55aa05115a4c3f538df4e9941af1396d.jpg</path>
	<source>
		<database>roboflow.ai</database>
	</source>
	<size>
		<width>768</width>
		<height>1024</height>
		<depth>3</depth>
	</size>
	<segmented>0</segmented>
	<object>
		<name>shark</name>
		<pose>Unspecified</pose>
		<truncated>0</truncated>
		<difficult>0</difficult>
		<occluded>0</occluded>
		<bndbox>
			<xmin>510</xmin>
			<xmax>648</xmax>
			<ymin>364</ymin>
			<ymax>462</ymax>
		</bndbox>
	</object>
	<object>
		<name>fish</name>
		<pose>Unspecified</pose>
		<truncated>0</truncated>
		<difficult>0</difficult>
		<occluded>0</occluded>
		<bndbox>
			<xmin>705</xmin>
			<xmax>768</xmax>
			<ymin>226</ymin>
			<ymax>281</ymax>
		</bndbox>
	</object>
	<object>
		<name>fish</name>
		<pose>Unspecified</pose>
		<truncated>0</truncated>
		<difficult>0</difficult>
		<occluded>0</occluded>
		<bndbox>
			<xmin>744</xmin>
			<xmax>769</xmax>
			<ymin>290</ymin>
			<ymax>336</ymax>
		</bndbox>
	</object>
	<object>
		<name>stingray</name>
		<pose>Unspecified</pose>
		<truncated>0</truncated>
		<difficult>0</difficult>
		<occluded>0</occluded>
		<bndbox>
			<xmin>247</xmin>
			<xmax>492</xmax>
			<ymin>230</ymin>
			<ymax>768</ymax>
		</bndbox>
	</object>
</annotation>
