<annotation>
	<folder></folder>
	<filename>IMG_2351_jpeg_jpg.rf.edf3aaeca6e2355052e41c0cc57f9cb6.jpg</filename>
	<path>IMG_2351_jpeg_jpg.rf.edf3aaeca6e2355052e41c0cc57f9cb6.jpg</path>
	<source>
		<database>roboflow.ai</database>
	</source>
	<size>
		<width>768</width>
		<height>1024</height>
		<depth>3</depth>
	</size>
	<segmented>0</segmented>
	<object>
		<name>penguin</name>
		<pose>Unspecified</pose>
		<truncated>0</truncated>
		<difficult>0</difficult>
		<occluded>0</occluded>
		<bndbox>
			<xmin>1</xmin>
			<xmax>359</xmax>
			<ymin>293</ymin>
			<ymax>496</ymax>
		</bndbox>
	</object>
	<object>
		<name>penguin</name>
		<pose>Unspecified</pose>
		<truncated>0</truncated>
		<difficult>0</difficult>
		<occluded>0</occluded>
		<bndbox>
			<xmin>343</xmin>
			<xmax>613</xmax>
			<ymin>456</ymin>
			<ymax>517</ymax>
		</bndbox>
	</object>
</annotation>
