<annotation>
	<folder></folder>
	<filename>IMG_2308_jpeg_jpg.rf.7f5bc9634b415d515784dc7ae7a83532.jpg</filename>
	<path>IMG_2308_jpeg_jpg.rf.7f5bc9634b415d515784dc7ae7a83532.jpg</path>
	<source>
		<database>roboflow.ai</database>
	</source>
	<size>
		<width>768</width>
		<height>1024</height>
		<depth>3</depth>
	</size>
	<segmented>0</segmented>
	<object>
		<name>penguin</name>
		<pose>Unspecified</pose>
		<truncated>0</truncated>
		<difficult>0</difficult>
		<occluded>0</occluded>
		<bndbox>
			<xmin>78</xmin>
			<xmax>590</xmax>
			<ymin>402</ymin>
			<ymax>725</ymax>
		</bndbox>
	</object>
</annotation>
