<annotation>
	<folder></folder>
	<filename>IMG_2304_jpeg_jpg.rf.87ed7625b3869f06caf5a9ca5720f3f4.jpg</filename>
	<path>IMG_2304_jpeg_jpg.rf.87ed7625b3869f06caf5a9ca5720f3f4.jpg</path>
	<source>
		<database>roboflow.ai</database>
	</source>
	<size>
		<width>768</width>
		<height>1024</height>
		<depth>3</depth>
	</size>
	<segmented>0</segmented>
	<object>
		<name>penguin</name>
		<pose>Unspecified</pose>
		<truncated>0</truncated>
		<difficult>0</difficult>
		<occluded>0</occluded>
		<bndbox>
			<xmin>375</xmin>
			<xmax>658</xmax>
			<ymin>414</ymin>
			<ymax>644</ymax>
		</bndbox>
	</object>
	<object>
		<name>penguin</name>
		<pose>Unspecified</pose>
		<truncated>0</truncated>
		<difficult>0</difficult>
		<occluded>0</occluded>
		<bndbox>
			<xmin>301</xmin>
			<xmax>364</xmax>
			<ymin>45</ymin>
			<ymax>137</ymax>
		</bndbox>
	</object>
	<object>
		<name>penguin</name>
		<pose>Unspecified</pose>
		<truncated>0</truncated>
		<difficult>0</difficult>
		<occluded>0</occluded>
		<bndbox>
			<xmin>607</xmin>
			<xmax>658</xmax>
			<ymin>100</ymin>
			<ymax>168</ymax>
		</bndbox>
	</object>
	<object>
		<name>penguin</name>
		<pose>Unspecified</pose>
		<truncated>0</truncated>
		<difficult>0</difficult>
		<occluded>0</occluded>
		<bndbox>
			<xmin>277</xmin>
			<xmax>302</xmax>
			<ymin>93</ymin>
			<ymax>127</ymax>
		</bndbox>
	</object>
	<object>
		<name>penguin</name>
		<pose>Unspecified</pose>
		<truncated>0</truncated>
		<difficult>0</difficult>
		<occluded>0</occluded>
		<bndbox>
			<xmin>686</xmin>
			<xmax>717</xmax>
			<ymin>138</ymin>
			<ymax>179</ymax>
		</bndbox>
	</object>
</annotation>
