<annotation>
	<folder></folder>
	<filename>IMG_2360_jpeg_jpg.rf.1f04ed9c5472f410de3263510a5de6dd.jpg</filename>
	<path>IMG_2360_jpeg_jpg.rf.1f04ed9c5472f410de3263510a5de6dd.jpg</path>
	<source>
		<database>roboflow.ai</database>
	</source>
	<size>
		<width>768</width>
		<height>1024</height>
		<depth>3</depth>
	</size>
	<segmented>0</segmented>
	<object>
		<name>fish</name>
		<pose>Unspecified</pose>
		<truncated>0</truncated>
		<difficult>0</difficult>
		<occluded>0</occluded>
		<bndbox>
			<xmin>158</xmin>
			<xmax>366</xmax>
			<ymin>439</ymin>
			<ymax>647</ymax>
		</bndbox>
	</object>
	<object>
		<name>fish</name>
		<pose>Unspecified</pose>
		<truncated>0</truncated>
		<difficult>0</difficult>
		<occluded>0</occluded>
		<bndbox>
			<xmin>270</xmin>
			<xmax>586</xmax>
			<ymin>707</ymin>
			<ymax>907</ymax>
		</bndbox>
	</object>
	<object>
		<name>fish</name>
		<pose>Unspecified</pose>
		<truncated>0</truncated>
		<difficult>0</difficult>
		<occluded>0</occluded>
		<bndbox>
			<xmin>89</xmin>
			<xmax>224</xmax>
			<ymin>675</ymin>
			<ymax>772</ymax>
		</bndbox>
	</object>
	<object>
		<name>fish</name>
		<pose>Unspecified</pose>
		<truncated>0</truncated>
		<difficult>0</difficult>
		<occluded>0</occluded>
		<bndbox>
			<xmin>134</xmin>
			<xmax>325</xmax>
			<ymin>304</ymin>
			<ymax>388</ymax>
		</bndbox>
	</object>
</annotation>
