<annotation>
	<folder></folder>
	<filename>IMG_2331_jpeg_jpg.rf.430bebeabaa960aedfce00821dbf1823.jpg</filename>
	<path>IMG_2331_jpeg_jpg.rf.430bebeabaa960aedfce00821dbf1823.jpg</path>
	<source>
		<database>roboflow.ai</database>
	</source>
	<size>
		<width>768</width>
		<height>1024</height>
		<depth>3</depth>
	</size>
	<segmented>0</segmented>
	<object>
		<name>penguin</name>
		<pose>Unspecified</pose>
		<truncated>0</truncated>
		<difficult>0</difficult>
		<occluded>0</occluded>
		<bndbox>
			<xmin>1</xmin>
			<xmax>256</xmax>
			<ymin>193</ymin>
			<ymax>535</ymax>
		</bndbox>
	</object>
	<object>
		<name>penguin</name>
		<pose>Unspecified</pose>
		<truncated>0</truncated>
		<difficult>0</difficult>
		<occluded>0</occluded>
		<bndbox>
			<xmin>246</xmin>
			<xmax>486</xmax>
			<ymin>615</ymin>
			<ymax>713</ymax>
		</bndbox>
	</object>
</annotation>
