<annotation>
	<folder></folder>
	<filename>IMG_2548_jpeg_jpg.rf.b9a775702d3c300735ef690866a1c7cc.jpg</filename>
	<path>IMG_2548_jpeg_jpg.rf.b9a775702d3c300735ef690866a1c7cc.jpg</path>
	<source>
		<database>roboflow.ai</database>
	</source>
	<size>
		<width>768</width>
		<height>1024</height>
		<depth>3</depth>
	</size>
	<segmented>0</segmented>
	<object>
		<name>starfish</name>
		<pose>Unspecified</pose>
		<truncated>0</truncated>
		<difficult>0</difficult>
		<occluded>0</occluded>
		<bndbox>
			<xmin>675</xmin>
			<xmax>738</xmax>
			<ymin>436</ymin>
			<ymax>492</ymax>
		</bndbox>
	</object>
	<object>
		<name>starfish</name>
		<pose>Unspecified</pose>
		<truncated>0</truncated>
		<difficult>0</difficult>
		<occluded>0</occluded>
		<bndbox>
			<xmin>305</xmin>
			<xmax>390</xmax>
			<ymin>418</ymin>
			<ymax>456</ymax>
		</bndbox>
	</object>
</annotation>
