<annotation>
	<folder></folder>
	<filename>IMG_8439_jpg.rf.e784fd1e3cd2e38fb7c169e2e54ad91e.jpg</filename>
	<path>IMG_8439_jpg.rf.e784fd1e3cd2e38fb7c169e2e54ad91e.jpg</path>
	<source>
		<database>roboflow.ai</database>
	</source>
	<size>
		<width>1024</width>
		<height>768</height>
		<depth>3</depth>
	</size>
	<segmented>0</segmented>
	<object>
		<name>shark</name>
		<pose>Unspecified</pose>
		<truncated>0</truncated>
		<difficult>0</difficult>
		<occluded>0</occluded>
		<bndbox>
			<xmin>293</xmin>
			<xmax>480</xmax>
			<ymin>101</ymin>
			<ymax>704</ymax>
		</bndbox>
	</object>
</annotation>
