<annotation>
	<folder></folder>
	<filename>IMG_3181_jpeg_jpg.rf.c52b54494d4236e54b900fe60bd6565b.jpg</filename>
	<path>IMG_3181_jpeg_jpg.rf.c52b54494d4236e54b900fe60bd6565b.jpg</path>
	<source>
		<database>roboflow.ai</database>
	</source>
	<size>
		<width>768</width>
		<height>1024</height>
		<depth>3</depth>
	</size>
	<segmented>0</segmented>
	<object>
		<name>starfish</name>
		<pose>Unspecified</pose>
		<truncated>0</truncated>
		<difficult>0</difficult>
		<occluded>0</occluded>
		<bndbox>
			<xmin>62</xmin>
			<xmax>364</xmax>
			<ymin>508</ymin>
			<ymax>689</ymax>
		</bndbox>
	</object>
	<object>
		<name>starfish</name>
		<pose>Unspecified</pose>
		<truncated>0</truncated>
		<difficult>0</difficult>
		<occluded>0</occluded>
		<bndbox>
			<xmin>420</xmin>
			<xmax>679</xmax>
			<ymin>504</ymin>
			<ymax>691</ymax>
		</bndbox>
	</object>
</annotation>
