<annotation>
	<folder></folder>
	<filename>IMG_2655_jpeg_jpg.rf.500bca587eb20e6e80acbea6f60ebd40.jpg</filename>
	<path>IMG_2655_jpeg_jpg.rf.500bca587eb20e6e80acbea6f60ebd40.jpg</path>
	<source>
		<database>roboflow.ai</database>
	</source>
	<size>
		<width>768</width>
		<height>1024</height>
		<depth>3</depth>
	</size>
	<segmented>0</segmented>
	<object>
		<name>stingray</name>
		<pose>Unspecified</pose>
		<truncated>0</truncated>
		<difficult>0</difficult>
		<occluded>0</occluded>
		<bndbox>
			<xmin>283</xmin>
			<xmax>429</xmax>
			<ymin>231</ymin>
			<ymax>346</ymax>
		</bndbox>
	</object>
	<object>
		<name>stingray</name>
		<pose>Unspecified</pose>
		<truncated>0</truncated>
		<difficult>0</difficult>
		<occluded>0</occluded>
		<bndbox>
			<xmin>276</xmin>
			<xmax>431</xmax>
			<ymin>421</ymin>
			<ymax>540</ymax>
		</bndbox>
	</object>
</annotation>
