<annotation>
	<folder></folder>
	<filename>IMG_2311_jpeg_jpg.rf.69797c0319ca881b5c5bc7637e9e7aa7.jpg</filename>
	<path>IMG_2311_jpeg_jpg.rf.69797c0319ca881b5c5bc7637e9e7aa7.jpg</path>
	<source>
		<database>roboflow.ai</database>
	</source>
	<size>
		<width>768</width>
		<height>1024</height>
		<depth>3</depth>
	</size>
	<segmented>0</segmented>
	<object>
		<name>penguin</name>
		<pose>Unspecified</pose>
		<truncated>0</truncated>
		<difficult>0</difficult>
		<occluded>0</occluded>
		<bndbox>
			<xmin>62</xmin>
			<xmax>707</xmax>
			<ymin>389</ymin>
			<ymax>711</ymax>
		</bndbox>
	</object>
</annotation>
