<annotation>
	<folder></folder>
	<filename>IMG_2527_jpeg_jpg.rf.3de0e3c95781ea109647310c017ca1fc.jpg</filename>
	<path>IMG_2527_jpeg_jpg.rf.3de0e3c95781ea109647310c017ca1fc.jpg</path>
	<source>
		<database>roboflow.ai</database>
	</source>
	<size>
		<width>768</width>
		<height>1024</height>
		<depth>3</depth>
	</size>
	<segmented>0</segmented>
	<object>
		<name>penguin</name>
		<pose>Unspecified</pose>
		<truncated>0</truncated>
		<difficult>0</difficult>
		<occluded>0</occluded>
		<bndbox>
			<xmin>262</xmin>
			<xmax>678</xmax>
			<ymin>423</ymin>
			<ymax>661</ymax>
		</bndbox>
	</object>
	<object>
		<name>penguin</name>
		<pose>Unspecified</pose>
		<truncated>0</truncated>
		<difficult>0</difficult>
		<occluded>0</occluded>
		<bndbox>
			<xmin>169</xmin>
			<xmax>287</xmax>
			<ymin>501</ymin>
			<ymax>583</ymax>
		</bndbox>
	</object>
</annotation>
